bag,frame,t_s,alarm,distance_m,lateral_m,height_m,n_points,n_confirmed,path_range_m
new_data,0,75.09,0,,,,,0,128.0
new_data,1,75.2,0,,,,,0,126.0
new_data,2,75.29,0,,,,,0,124.0
new_data,3,75.4,0,,,,,0,50.0
new_data,4,75.5,0,,,,,0,122.0
new_data,5,75.59,0,,,,,0,120.0
new_data,6,75.7,0,,,,,0,144.0
new_data,7,75.79,0,,,,,0,142.0
new_data,8,75.9,0,,,,,0,136.0
new_data,9,76.0,0,,,,,0,134.0
new_data,10,76.09,0,,,,,0,118.0
new_data,11,76.2,0,,,,,0,132.0
new_data,12,76.29,0,,,,,0,98.0
new_data,13,76.39,0,,,,,0,134.0
new_data,14,76.49,0,,,,,0,140.0
new_data,15,76.59,0,,,,,0,62.0
new_data,16,76.69,0,,,,,0,112.0
new_data,17,76.79,0,,,,,0,128.0
new_data,18,76.9,0,,,,,0,128.0
new_data,19,76.99,0,,,,,0,104.0
new_data,20,77.09,0,,,,,0,126.0
new_data,21,77.19,0,,,,,0,122.0
new_data,22,77.3,0,,,,,0,120.0
new_data,23,77.39,0,,,,,0,102.0
new_data,24,77.5,0,,,,,0,118.0
new_data,25,77.6,0,,,,,0,108.0
new_data,26,77.7,0,,,,,0,98.0
new_data,27,77.79,0,,,,,0,108.0
new_data,28,77.89,0,,,,,0,96.0
new_data,29,77.99,0,,,,,0,94.0
new_data,30,78.1,0,,,,,0,108.0
new_data,31,78.2,0,,,,,0,110.0
new_data,32,78.3,0,,,,,0,108.0
new_data,33,78.39,0,,,,,0,104.0
new_data,34,78.5,0,,,,,0,110.0
new_data,35,78.6,0,,,,,0,92.0
new_data,36,78.7,0,,,,,0,100.0
new_data,37,78.8,0,,,,,0,102.0
new_data,38,78.9,0,,,,,0,108.0
new_data,39,78.99,0,,,,,0,88.0
new_data,40,79.1,0,,,,,0,96.0
new_data,41,79.2,0,,,,,0,92.0
new_data,42,79.29,0,,,,,0,96.0
new_data,43,79.39,0,,,,,0,102.0
new_data,44,79.5,0,,,,,0,92.0
new_data,45,79.59,0,,,,,0,96.0
new_data,46,79.7,0,,,,,0,98.0
new_data,47,79.8,0,,,,,0,102.0
new_data,48,79.89,0,,,,,0,92.0
new_data,49,79.99,0,,,,,0,84.0
new_data,50,80.11,0,,,,,0,114.0
new_data,51,80.19,0,,,,,0,82.0
new_data,52,80.29,0,,,,,0,108.0
new_data,53,80.39,0,,,,,0,106.0
new_data,54,80.49,0,,,,,0,120.0
new_data,55,80.59,0,,,,,0,104.0
new_data,56,80.69,0,,,,,0,68.0
new_data,57,80.8,0,,,,,0,114.0
new_data,58,80.89,0,,,,,0,102.0
new_data,59,80.99,0,,,,,0,112.0
new_data,60,81.1,0,,,,,0,96.0
new_data,61,81.19,0,,,,,0,94.0
new_data,62,81.3,0,,,,,0,108.0
new_data,63,81.4,0,,,,,0,120.0
new_data,64,81.5,0,,,,,0,112.0
new_data,65,81.59,0,,,,,0,90.0
new_data,66,81.69,0,,,,,0,134.0
new_data,67,81.79,0,,,,,0,84.0
new_data,68,81.9,0,,,,,0,112.0
new_data,69,81.99,0,,,,,0,100.0
new_data,70,82.1,0,,,,,0,82.0
new_data,71,82.19,0,,,,,0,102.0
new_data,72,82.29,0,,,,,0,100.0
new_data,73,82.39,0,,,,,0,118.0
new_data,74,82.49,0,,,,,0,92.0
new_data,75,82.59,0,,,,,0,102.0
new_data,76,82.7,0,,,,,0,88.0
new_data,77,82.8,1,113.5,-0.67,1.94,12,1,104.0
new_data,78,82.89,1,114.7,-0.21,1.96,26,1,106.0
new_data,79,82.99,1,117.4,-0.81,0.89,6,2,112.0
new_data,80,83.09,0,,,,,0,106.0
new_data,81,83.19,0,,,,,0,98.0
new_data,82,83.3,0,,,,,0,102.0
new_data,83,83.39,0,,,,,0,76.0
new_data,84,83.49,0,,,,,0,132.0
new_data,85,83.59,0,,,,,0,120.0
new_data,86,83.7,0,,,,,0,132.0
new_data,87,83.8,0,,,,,0,112.0
new_data,88,83.89,0,,,,,0,94.0
new_data,89,84.01,0,,,,,0,88.0
new_data,90,84.09,0,,,,,0,102.0
new_data,91,84.2,0,,,,,0,84.0
new_data,92,84.3,0,,,,,0,78.0
new_data,93,84.4,1,90.2,-0.04,1.93,81,1,80.0
new_data,94,84.5,0,,,,,0,126.0
new_data,95,84.6,1,94.6,-0.77,0.92,6,1,88.0
new_data,96,84.7,0,,,,,0,96.0
new_data,97,84.8,0,,,,,0,108.0
new_data,98,84.89,0,,,,,0,88.0
new_data,99,84.99,0,,,,,0,70.0
new_data,100,85.1,0,,,,,0,94.0
new_data,101,85.2,0,,,,,0,82.0
new_data,102,85.29,0,,,,,0,70.0
new_data,103,85.39,0,,,,,0,92.0
new_data,104,85.49,0,,,,,0,116.0
new_data,105,85.59,0,,,,,0,98.0
new_data,106,85.69,0,,,,,0,90.0
new_data,107,85.79,0,,,,,0,112.0
new_data,108,85.9,0,,,,,0,106.0
new_data,109,86.0,0,,,,,0,66.0
new_data,110,86.09,0,,,,,0,118.0
new_data,111,86.2,0,,,,,0,82.0
new_data,112,86.29,0,,,,,0,52.0
new_data,113,86.4,0,,,,,0,102.0
new_data,114,86.49,0,,,,,0,62.0
new_data,115,86.6,0,,,,,0,102.0
new_data,116,86.7,1,105.3,0.41,1.93,10,1,98.0
new_data,117,86.8,0,,,,,0,72.0
new_data,118,86.89,0,,,,,0,108.0
new_data,119,86.99,0,,,,,0,54.0
new_data,120,87.11,0,,,,,0,46.0
new_data,121,87.2,0,,,,,0,52.0
new_data,122,87.29,0,,,,,0,76.0
new_data,123,87.4,0,,,,,0,98.0
new_data,124,87.49,1,52.1,-0.95,1.25,9,1,48.0
new_data,125,87.6,1,55.8,-0.05,2.0,186,1,48.0
new_data,126,87.7,0,,,,,0,96.0
new_data,127,87.8,0,,,,,0,78.0
new_data,128,87.9,0,,,,,0,98.0
new_data,129,88.0,0,,,,,0,70.0
new_data,130,88.1,0,,,,,0,66.0
new_data,131,88.2,0,,,,,0,50.0
new_data,132,88.3,0,,,,,0,10.0
new_data,133,88.39,1,67.4,-0.89,1.11,8,1,64.0
new_data,134,88.5,0,,,,,0,48.0
new_data,135,88.6,0,,,,,0,72.0
new_data,136,88.7,0,,,,,0,44.0
new_data,137,88.8,0,,,,,0,100.0
new_data,138,88.89,0,,,,,0,76.0
new_data,139,88.99,0,,,,,0,82.0
new_data,140,89.09,0,,,,,0,44.0
new_data,141,89.2,0,,,,,0,64.0
new_data,142,89.3,0,,,,,0,48.0
new_data,143,89.4,0,,,,,0,114.0
new_data,144,89.49,1,51.5,-0.18,2.0,210,1,46.0
new_data,145,89.6,0,,,,,0,132.0
new_data,146,89.7,0,,,,,0,132.0
new_data,147,89.8,0,,,,,0,56.0
new_data,148,89.89,0,,,,,0,112.0
new_data,149,90.07,1,136.2,-0.9,1.72,5,1,132.0
new_data,150,90.1,0,,,,,0,68.0
new_data,151,90.19,0,,,,,0,96.0
new_data,152,90.29,0,,,,,0,94.0
new_data,153,90.4,1,105.7,-0.19,1.84,6,1,98.0
new_data,154,90.5,0,,,,,0,120.0
new_data,155,90.59,0,,,,,0,100.0
new_data,156,90.69,1,102.1,-0.86,1.9,7,1,96.0
new_data,157,90.8,0,,,,,0,84.0
new_data,158,90.89,0,,,,,0,96.0
new_data,159,90.99,0,,,,,0,10.0
new_data,160,91.09,1,97.4,-0.87,1.83,3,1,92.0
new_data,161,91.2,0,,,,,0,92.0
new_data,162,91.3,1,107.3,-0.27,0.85,3,1,98.0
new_data,163,91.4,0,,,,,0,90.0
new_data,164,91.5,0,,,,,0,10.0
new_data,165,91.59,0,,,,,0,10.0
new_data,166,91.7,0,,,,,0,104.0
new_data,167,91.79,0,,,,,0,104.0
new_data,168,91.89,0,,,,,0,92.0
new_data,169,91.99,1,112.9,-0.51,0.95,9,1,108.0
new_data,170,92.1,0,,,,,0,90.0
new_data,171,92.19,1,96.4,-0.82,1.99,6,1,88.0
new_data,172,92.29,0,,,,,0,80.0
new_data,173,92.4,0,,,,,0,104.0
new_data,174,92.5,0,,,,,0,102.0
new_data,175,92.6,1,92.3,-0.83,0.74,4,1,82.0
new_data,176,92.72,1,104.9,-0.91,1.22,5,1,100.0
new_data,177,92.8,0,,,,,0,100.0
new_data,178,92.9,0,,,,,0,98.0
new_data,179,92.99,0,,,,,0,88.0
new_data,180,93.09,1,100.3,-0.9,0.95,5,1,96.0
new_data,181,93.19,0,,,,,0,74.0
new_data,182,93.3,1,97.9,-0.92,1.2,6,1,92.0
new_data,183,93.4,0,,,,,0,108.0
new_data,184,93.49,0,,,,,0,108.0
new_data,185,93.59,0,,,,,0,92.0
new_data,186,93.71,0,,,,,0,88.0
new_data,187,93.79,1,109.1,-0.78,1.85,10,1,100.0
new_data,188,93.9,0,,,,,0,88.0
new_data,189,93.99,0,,,,,0,86.0
new_data,190,94.1,0,,,,,0,94.0
new_data,191,94.2,0,,,,,0,102.0
new_data,192,94.3,0,,,,,0,82.0
new_data,193,94.4,0,,,,,0,84.0
new_data,194,94.49,1,101.2,-0.9,0.4,3,1,92.0
new_data,195,94.59,0,,,,,0,102.0
new_data,196,94.69,0,,,,,0,96.0
new_data,197,94.8,0,,,,,0,106.0
new_data,198,94.9,0,,,,,0,88.0
new_data,199,94.99,0,,,,,0,90.0
new_data,200,95.12,1,104.6,-0.83,0.99,7,1,96.0
new_data,201,95.2,0,,,,,0,80.0
new_data,202,95.3,0,,,,,0,92.0
new_data,203,95.39,0,,,,,0,100.0
new_data,204,95.49,0,,,,,0,114.0
new_data,205,95.6,0,,,,,0,86.0
new_data,206,95.7,0,,,,,0,92.0
new_data,207,95.8,0,,,,,0,96.0
new_data,208,95.9,0,,,,,0,82.0
new_data,209,96.0,0,,,,,0,94.0
new_data,210,96.1,0,,,,,0,106.0
new_data,211,96.2,0,,,,,0,88.0
new_data,212,96.3,0,,,,,0,126.0
new_data,213,96.4,0,,,,,0,88.0
new_data,214,96.5,0,,,,,0,112.0
new_data,215,96.59,0,,,,,0,86.0
new_data,216,96.7,0,,,,,0,112.0
new_data,217,96.8,0,,,,,0,116.0
new_data,218,96.9,0,,,,,0,90.0
new_data,219,97.0,0,,,,,0,88.0
new_data,220,97.1,0,,,,,0,98.0
new_data,221,97.2,0,,,,,0,112.0
new_data,222,97.3,0,,,,,0,88.0
new_data,223,97.4,0,,,,,0,110.0
new_data,224,97.5,0,,,,,0,110.0
new_data,225,97.6,0,,,,,0,108.0
new_data,226,97.7,0,,,,,0,110.0
new_data,227,97.8,0,,,,,0,110.0
new_data,228,97.89,0,,,,,0,104.0
new_data,229,98.0,0,,,,,0,104.0
new_data,230,98.1,0,,,,,0,102.0
new_data,231,98.2,0,,,,,0,100.0
new_data,232,98.29,0,,,,,0,100.0
new_data,233,98.4,0,,,,,0,98.0
new_data,234,98.5,0,,,,,0,100.0
new_data,235,98.6,0,,,,,0,100.0
new_data,236,98.69,0,,,,,0,98.0
new_data,237,98.79,0,,,,,0,96.0
new_data,238,98.9,0,,,,,0,104.0
new_data,239,99.0,0,,,,,0,104.0
new_data,240,99.1,0,,,,,0,92.0
new_data,241,99.2,0,,,,,0,88.0
new_data,242,99.3,0,,,,,0,92.0
new_data,243,99.4,0,,,,,0,88.0
new_data,244,99.49,0,,,,,0,84.0
new_data,245,99.59,0,,,,,0,104.0
new_data,246,99.7,0,,,,,0,108.0
new_data,247,99.8,0,,,,,0,112.0
new_data,248,99.89,0,,,,,0,92.0
new_data,249,100.0,0,,,,,0,80.0
new_data,250,100.09,0,,,,,0,84.0
new_data,251,100.2,0,,,,,0,98.0
new_data,252,100.3,0,,,,,0,80.0
new_data,253,100.4,0,,,,,0,110.0
new_data,254,100.5,0,,,,,0,110.0
new_data,255,100.6,0,,,,,0,116.0
new_data,256,100.69,0,,,,,0,108.0
new_data,257,100.79,0,,,,,0,90.0
new_data,258,100.9,0,,,,,0,82.0
new_data,259,101.0,0,,,,,0,88.0
new_data,260,101.1,0,,,,,0,80.0
new_data,261,101.2,0,,,,,0,102.0
new_data,262,101.3,0,,,,,0,100.0
new_data,263,101.4,0,,,,,0,84.0
new_data,264,101.5,0,,,,,0,82.0
new_data,265,101.59,0,,,,,0,82.0
new_data,266,101.7,0,,,,,0,80.0
new_data,267,101.79,0,,,,,0,64.0
new_data,268,101.9,0,,,,,0,80.0
new_data,269,102.0,0,,,,,0,80.0
new_data,270,102.1,0,,,,,0,76.0
new_data,271,102.2,0,,,,,0,60.0
new_data,272,102.3,0,,,,,0,68.0
new_data,273,102.41,0,,,,,0,72.0
new_data,274,102.5,0,,,,,0,44.0
new_data,275,102.6,0,,,,,0,56.0
new_data,276,102.7,0,,,,,0,78.0
new_data,277,102.8,0,,,,,0,76.0
new_data,278,102.89,0,,,,,0,74.0
new_data,279,103.0,0,,,,,0,74.0
new_data,280,103.1,0,,,,,0,72.0
new_data,281,103.2,0,,,,,0,82.0
new_data,282,103.3,0,,,,,0,80.0
new_data,283,103.39,0,,,,,0,70.0
new_data,284,103.49,0,,,,,0,78.0
new_data,285,103.6,0,,,,,0,84.0
new_data,286,103.69,0,,,,,0,66.0
new_data,287,103.8,0,,,,,0,76.0
new_data,288,103.9,0,,,,,0,52.0
new_data,289,103.99,0,,,,,0,74.0
new_data,290,104.1,0,,,,,0,62.0
new_data,291,104.19,0,,,,,0,72.0
new_data,292,104.29,0,,,,,0,72.0
new_data,293,104.4,0,,,,,0,70.0
new_data,294,104.5,1,77.3,0.76,0.45,3,1,68.0
new_data,295,104.59,0,,,,,0,68.0
new_data,296,104.7,0,,,,,0,68.0
new_data,297,104.8,0,,,,,0,64.0
new_data,298,104.9,0,,,,,0,64.0
new_data,299,105.0,0,,,,,0,64.0
new_data,300,105.1,0,,,,,0,52.0
new_data,301,105.2,0,,,,,0,52.0
new_data,302,105.3,1,69.6,0.79,0.34,3,1,62.0
new_data,303,105.39,1,68.6,0.84,0.41,3,1,60.0
new_data,304,105.5,0,,,,,0,50.0
new_data,305,105.6,0,,,,,0,48.0
new_data,306,105.7,0,,,,,0,58.0
new_data,307,105.8,0,,,,,0,56.0
new_data,308,105.9,0,,,,,0,44.0
new_data,309,106.0,0,,,,,0,44.0
new_data,310,106.1,0,,,,,0,52.0
new_data,311,106.2,0,,,,,0,52.0
new_data,312,106.3,0,,,,,0,40.0
new_data,313,106.4,0,,,,,0,50.0
new_data,314,106.5,0,,,,,0,50.0
new_data,315,106.6,0,,,,,0,50.0
new_data,316,106.7,0,,,,,0,48.0
new_data,317,106.8,0,,,,,0,48.0
new_data,318,106.9,0,,,,,0,44.0
new_data,319,107.0,0,,,,,0,46.0
new_data,320,107.09,1,54.6,0.85,0.43,5,1,46.0
new_data,321,107.2,0,,,,,0,44.0
new_data,322,107.3,0,,,,,0,42.0
new_data,323,107.39,0,,,,,0,40.0
new_data,324,107.5,0,,,,,0,36.0
new_data,325,107.59,0,,,,,0,40.0
new_data,326,107.7,0,,,,,0,36.0
new_data,327,107.79,0,,,,,0,38.0
new_data,328,107.9,0,,,,,0,56.0
new_data,329,108.0,0,,,,,0,38.0
new_data,330,108.09,0,,,,,0,40.0
new_data,331,108.2,0,,,,,0,38.0
new_data,332,108.3,0,,,,,0,38.0
new_data,333,108.4,0,,,,,0,38.0
new_data,334,108.5,0,,,,,0,38.0
new_data,335,108.59,0,,,,,0,38.0
new_data,336,108.7,0,,,,,0,38.0
new_data,337,108.8,1,64.2,0.41,0.42,3,1,56.0
new_data,338,108.9,0,,,,,0,38.0
new_data,339,109.0,0,,,,,0,36.0
new_data,340,109.1,1,45.3,0.81,0.32,7,1,36.0
new_data,341,109.21,0,,,,,0,50.0
new_data,342,109.3,0,,,,,0,36.0
new_data,343,109.39,1,45.4,0.81,0.45,10,1,36.0
new_data,344,109.51,1,57.7,0.33,2.0,162,1,50.0
new_data,345,109.6,1,49.2,0.74,0.42,6,1,42.0
new_data,346,109.69,1,53.2,0.72,0.32,5,1,46.0
new_data,347,109.8,0,,,,,0,34.0
new_data,348,109.9,1,53.8,0.28,1.98,183,1,44.0
new_data,349,110.01,0,,,,,0,38.0
new_data,350,110.11,0,,,,,0,62.0
new_data,351,110.2,1,70.0,0.05,1.88,31,1,60.0
new_data,352,110.32,0,,,,,0,42.0
new_data,353,110.4,0,,,,,0,58.0
new_data,354,110.5,0,,,,,0,56.0
new_data,355,110.59,1,66.3,0.07,1.9,36,1,58.0
new_data,356,110.7,0,,,,,0,38.0
new_data,357,110.81,1,64.5,0.26,1.9,40,1,56.0
new_data,358,110.9,1,63.6,0.32,2.0,47,1,56.0
new_data,359,111.0,1,62.7,0.08,2.0,48,1,54.0
new_data,360,111.1,1,61.8,0.25,1.89,43,1,54.0
new_data,361,111.2,1,60.8,0.26,1.96,46,1,52.0
new_data,362,111.3,0,,,,,0,50.0
new_data,363,111.39,1,59.0,0.01,1.9,44,1,50.0
new_data,364,111.5,1,58.1,0.14,1.97,48,1,50.0
new_data,365,111.6,1,57.2,0.29,1.97,49,1,50.0
new_data,366,111.7,1,56.3,0.36,1.95,51,1,50.0
new_data,367,111.8,0,,,,,0,62.0
new_data,368,111.9,0,,,,,0,56.0
new_data,369,112.0,0,,,,,0,62.0
new_data,370,112.1,0,,,,,0,58.0
new_data,371,112.2,0,,,,,0,58.0
new_data,372,112.29,0,,,,,0,58.0
new_data,373,112.4,0,,,,,0,56.0
new_data,374,112.49,0,,,,,0,56.0
new_data,375,112.6,0,,,,,0,52.0
new_data,376,112.69,0,,,,,0,56.0
new_data,377,112.8,0,,,,,0,52.0
new_data,378,112.9,0,,,,,0,50.0
new_data,379,113.0,0,,,,,0,50.0
new_data,380,113.1,0,,,,,0,50.0
new_data,381,113.19,0,,,,,0,48.0
new_data,382,113.3,0,,,,,0,46.0
new_data,383,113.41,0,,,,,0,46.0
new_data,384,113.5,0,,,,,0,46.0
new_data,385,113.6,0,,,,,0,46.0
new_data,386,113.7,0,,,,,0,44.0
new_data,387,113.8,0,,,,,0,42.0
new_data,388,113.9,0,,,,,0,42.0
new_data,389,114.0,0,,,,,0,42.0
new_data,390,114.1,0,,,,,0,42.0
new_data,391,114.2,0,,,,,0,40.0
new_data,392,114.29,0,,,,,0,38.0
new_data,393,114.4,0,,,,,0,34.0
new_data,394,114.5,0,,,,,0,42.0
new_data,395,114.59,0,,,,,0,40.0
new_data,396,114.7,0,,,,,0,38.0
new_data,397,114.8,0,,,,,0,38.0
new_data,398,114.9,0,,,,,0,36.0
new_data,399,115.0,0,,,,,0,36.0
new_data,400,225.0,0,,,,,0,64.0
new_data,401,225.1,0,,,,,0,62.0
new_data,402,225.2,0,,,,,0,78.0
new_data,403,225.32,0,,,,,0,76.0
new_data,404,225.4,0,,,,,0,74.0
new_data,405,225.5,0,,,,,0,52.0
new_data,406,225.6,0,,,,,0,52.0
new_data,407,225.71,0,,,,,0,48.0
new_data,408,225.8,0,,,,,0,70.0
new_data,409,225.9,0,,,,,0,62.0
new_data,410,226.0,0,,,,,0,72.0
new_data,411,226.11,0,,,,,0,72.0
new_data,412,226.22,0,,,,,0,76.0
new_data,413,226.3,0,,,,,0,64.0
new_data,414,226.4,0,,,,,0,72.0
new_data,415,226.51,0,,,,,0,62.0
new_data,416,226.61,0,,,,,0,76.0
new_data,417,226.71,0,,,,,0,64.0
new_data,418,226.8,0,,,,,0,56.0
new_data,419,226.9,0,,,,,0,92.0
new_data,420,227.02,0,,,,,0,58.0
new_data,421,227.11,0,,,,,0,38.0
new_data,422,227.2,0,,,,,0,40.0
new_data,423,227.3,0,,,,,0,48.0
new_data,424,227.41,0,,,,,0,46.0
new_data,425,227.5,0,,,,,0,78.0
new_data,426,227.6,0,,,,,0,50.0
new_data,427,227.71,0,,,,,0,58.0
new_data,428,227.81,0,,,,,0,74.0
new_data,429,227.91,0,,,,,0,44.0
new_data,430,228.0,0,,,,,0,44.0
new_data,431,228.11,0,,,,,0,64.0
new_data,432,228.21,0,,,,,0,40.0
new_data,433,228.3,0,,,,,0,62.0
new_data,434,228.4,0,,,,,0,58.0
new_data,435,228.51,0,,,,,0,58.0
new_data,436,228.61,0,,,,,0,56.0
new_data,437,228.71,0,,,,,0,54.0
new_data,438,228.81,0,,,,,0,50.0
new_data,439,228.9,0,,,,,0,50.0
new_data,440,229.01,0,,,,,0,46.0
new_data,441,229.1,0,,,,,0,44.0
new_data,442,229.2,0,,,,,0,42.0
new_data,443,229.31,0,,,,,0,52.0
new_data,444,229.4,0,,,,,0,48.0
new_data,445,229.5,0,,,,,0,48.0
new_data,446,229.6,0,,,,,0,36.0
new_data,447,229.7,0,,,,,0,80.0
new_data,448,229.81,0,,,,,0,56.0
new_data,449,229.9,0,,,,,0,54.0
new_data,450,230.01,0,,,,,0,42.0
new_data,451,230.11,0,,,,,0,48.0
new_data,452,230.21,0,,,,,0,72.0
new_data,453,230.31,0,,,,,0,70.0
new_data,454,230.41,0,,,,,0,70.0
new_data,455,230.51,0,,,,,0,40.0
new_data,456,230.61,0,,,,,0,70.0
new_data,457,230.71,0,,,,,0,70.0
new_data,458,230.8,0,,,,,0,66.0
new_data,459,230.9,0,,,,,0,54.0
new_data,460,231.01,0,,,,,0,64.0
new_data,461,231.11,0,,,,,0,62.0
new_data,462,231.21,0,,,,,0,76.0
new_data,463,231.31,0,,,,,0,54.0
new_data,464,231.4,0,,,,,0,38.0
new_data,465,231.51,0,,,,,0,70.0
new_data,466,231.61,0,,,,,0,40.0
new_data,467,231.71,0,,,,,0,38.0
new_data,468,231.81,0,,,,,0,72.0
new_data,469,231.9,0,,,,,0,70.0
new_data,470,232.0,0,,,,,0,78.0
new_data,471,232.11,0,,,,,0,46.0
new_data,472,232.21,0,,,,,0,110.0
new_data,473,232.3,0,,,,,0,38.0
new_data,474,232.4,0,,,,,0,90.0
new_data,475,232.51,0,,,,,0,40.0
new_data,476,232.61,0,,,,,0,54.0
new_data,477,232.71,0,,,,,0,36.0
new_data,478,232.81,0,,,,,0,48.0
new_data,479,232.91,0,,,,,0,68.0
new_data,480,233.01,0,,,,,0,46.0
new_data,481,233.11,0,,,,,0,44.0
new_data,482,233.21,0,,,,,0,94.0
new_data,483,233.3,0,,,,,0,38.0
new_data,484,233.41,0,,,,,0,38.0
new_data,485,233.5,0,,,,,0,86.0
new_data,486,233.61,0,,,,,0,82.0
new_data,487,233.71,0,,,,,0,82.0
new_data,488,233.8,0,,,,,0,78.0
new_data,489,233.91,0,,,,,0,78.0
new_data,490,234.01,0,,,,,0,74.0
new_data,491,234.11,0,,,,,0,74.0
new_data,492,234.21,0,,,,,0,72.0
new_data,493,234.31,0,,,,,0,42.0
new_data,494,234.4,0,,,,,0,68.0
new_data,495,234.51,0,,,,,0,64.0
new_data,496,234.61,0,,,,,0,64.0
new_data,497,234.71,0,,,,,0,58.0
new_data,498,234.8,0,,,,,0,60.0
new_data,499,234.9,0,,,,,0,58.0
new_data,500,235.01,0,,,,,0,54.0
new_data,501,235.1,0,,,,,0,52.0
new_data,502,235.2,0,,,,,0,50.0
new_data,503,235.3,0,,,,,0,74.0
new_data,504,235.4,0,,,,,0,46.0
new_data,505,235.5,0,,,,,0,70.0
new_data,506,235.6,0,,,,,0,40.0
new_data,507,235.72,0,,,,,0,40.0
new_data,508,235.81,0,,,,,0,40.0
new_data,509,235.91,0,,,,,0,78.0
new_data,510,236.01,0,,,,,0,74.0
new_data,511,236.11,0,,,,,0,74.0
new_data,512,236.2,0,,,,,0,72.0
new_data,513,236.3,0,,,,,0,52.0
new_data,514,236.41,0,,,,,0,56.0
new_data,515,236.51,0,,,,,0,48.0
new_data,516,236.61,0,,,,,0,46.0
new_data,517,236.71,0,,,,,0,62.0
new_data,518,236.81,0,,,,,0,42.0
new_data,519,236.91,0,,,,,0,40.0
new_data,520,237.01,0,,,,,0,100.0
new_data,521,237.11,0,,,,,0,40.0
new_data,522,237.21,0,,,,,0,48.0
new_data,523,237.31,0,,,,,0,64.0
new_data,524,237.4,0,,,,,0,58.0
new_data,525,237.51,0,,,,,0,44.0
new_data,526,237.6,0,,,,,0,54.0
new_data,527,237.71,0,,,,,0,42.0
new_data,528,237.8,0,,,,,0,40.0
new_data,529,237.91,0,,,,,0,40.0
new_data,530,238.01,0,,,,,0,50.0
new_data,531,238.1,0,,,,,0,48.0
new_data,532,238.21,0,,,,,0,44.0
new_data,533,238.31,0,,,,,0,46.0
new_data,534,238.41,0,,,,,0,42.0
new_data,535,238.5,0,,,,,0,86.0
new_data,536,238.61,0,,,,,0,94.0
new_data,537,238.7,0,,,,,0,38.0
new_data,538,238.81,0,,,,,0,88.0
new_data,539,238.9,0,,,,,0,74.0
new_data,540,239.0,0,,,,,0,86.0
new_data,541,239.11,0,,,,,0,90.0
new_data,542,239.21,0,,,,,0,58.0
new_data,543,239.31,0,,,,,0,80.0
new_data,544,239.41,0,,,,,0,66.0
new_data,545,239.51,0,,,,,0,110.0
new_data,546,239.6,0,,,,,0,80.0
new_data,547,239.71,0,,,,,0,86.0
new_data,548,239.81,0,,,,,0,76.0
new_data,549,239.91,0,,,,,0,82.0
new_data,550,240.01,0,,,,,0,72.0
new_data,551,240.11,0,,,,,0,68.0
new_data,552,240.21,0,,,,,0,68.0
new_data,553,240.3,0,,,,,0,66.0
new_data,554,240.41,0,,,,,0,58.0
new_data,555,240.51,0,,,,,0,60.0
new_data,556,240.61,0,,,,,0,42.0
new_data,557,240.71,0,,,,,0,56.0
new_data,558,240.8,0,,,,,0,38.0
new_data,559,240.91,0,,,,,0,52.0
new_data,560,241.01,0,,,,,0,50.0
new_data,561,241.1,0,,,,,0,42.0
new_data,562,241.21,0,,,,,0,66.0
new_data,563,241.31,0,,,,,0,54.0
new_data,564,241.41,0,,,,,0,52.0
new_data,565,241.51,0,,,,,0,40.0
new_data,566,241.6,0,,,,,0,48.0
new_data,567,241.71,0,,,,,0,44.0
new_data,568,241.81,0,,,,,0,42.0
new_data,569,241.9,0,,,,,0,40.0
new_data,570,242.01,0,,,,,0,88.0
new_data,571,242.11,0,,,,,0,40.0
new_data,572,242.21,0,,,,,0,54.0
new_data,573,242.3,0,,,,,0,48.0
new_data,574,242.4,0,,,,,0,48.0
new_data,575,242.51,0,,,,,0,46.0
new_data,576,242.61,0,,,,,0,42.0
new_data,577,242.7,0,,,,,0,42.0
new_data,578,242.8,0,,,,,0,40.0
new_data,579,242.91,0,,,,,0,40.0
new_data,580,243.01,0,,,,,0,38.0
new_data,581,243.1,0,,,,,0,40.0
new_data,582,243.21,0,,,,,0,40.0
new_data,583,243.3,0,,,,,0,40.0
new_data,584,243.41,0,,,,,0,78.0
new_data,585,243.51,0,,,,,0,48.0
new_data,586,243.61,0,,,,,0,46.0
new_data,587,243.71,0,,,,,0,70.0
new_data,588,243.81,0,,,,,0,72.0
new_data,589,243.9,0,,,,,0,70.0
new_data,590,244.0,0,,,,,0,40.0
new_data,591,244.11,0,,,,,0,64.0
new_data,592,244.21,0,,,,,0,62.0
new_data,593,244.31,0,,,,,0,62.0
new_data,594,244.41,0,,,,,0,72.0
new_data,595,244.51,0,,,,,0,56.0
new_data,596,244.61,0,,,,,0,52.0
new_data,597,244.7,0,,,,,0,54.0
new_data,598,244.8,0,,,,,0,50.0
new_data,599,244.91,0,,,,,0,48.0
new_data,600,245.01,0,,,,,0,44.0
new_data,601,245.11,0,,,,,0,44.0
new_data,602,245.2,0,,,,,0,40.0
new_data,603,245.32,0,,,,,0,56.0
new_data,604,245.41,0,,,,,0,40.0
new_data,605,245.5,0,,,,,0,38.0
new_data,606,245.6,0,,,,,0,38.0
new_data,607,245.71,0,,,,,0,38.0
new_data,608,245.81,0,,,,,0,36.0
new_data,609,245.9,0,,,,,0,90.0
new_data,610,246.0,0,,,,,0,80.0
new_data,611,246.11,0,,,,,0,54.0
new_data,612,246.21,0,,,,,0,78.0
new_data,613,246.31,0,,,,,0,50.0
new_data,614,246.4,0,,,,,0,74.0
new_data,615,246.51,0,,,,,0,102.0
new_data,616,246.6,0,,,,,0,46.0
new_data,617,246.71,0,,,,,0,54.0
new_data,618,246.81,0,,,,,0,68.0
new_data,619,246.91,0,,,,,0,40.0
new_data,620,247.0,0,,,,,0,62.0
new_data,621,247.11,0,,,,,0,60.0
new_data,622,247.21,0,,,,,0,44.0
new_data,623,247.3,0,,,,,0,58.0
new_data,624,247.41,0,,,,,0,56.0
new_data,625,247.5,0,,,,,0,52.0
new_data,626,247.61,0,,,,,0,52.0
new_data,627,247.71,0,,,,,0,36.0
new_data,628,247.81,0,,,,,0,46.0
new_data,629,247.91,0,,,,,0,90.0
new_data,630,248.01,0,,,,,0,70.0
new_data,631,248.1,0,,,,,0,70.0
new_data,632,248.21,0,,,,,0,88.0
new_data,633,248.31,0,,,,,0,104.0
new_data,634,248.4,0,,,,,0,90.0
new_data,635,248.51,0,,,,,0,72.0
new_data,636,248.61,0,,,,,0,60.0
new_data,637,248.7,0,,,,,0,96.0
new_data,638,248.8,0,,,,,0,92.0
new_data,639,248.91,0,,,,,0,92.0
new_data,640,249.01,0,,,,,0,90.0
new_data,641,249.11,1,66.2,0.97,1.93,9,1,86.0
new_data,642,249.21,0,,,,,0,84.0
new_data,643,249.31,1,62.2,0.99,1.54,4,1,84.0
new_data,644,249.41,0,,,,,0,54.0
new_data,645,249.51,0,,,,,0,48.0
new_data,646,249.61,0,,,,,0,74.0
new_data,647,249.71,0,,,,,0,48.0
new_data,648,249.81,0,,,,,0,38.0
new_data,649,249.91,0,,,,,0,50.0
new_data,650,250.01,0,,,,,0,40.0
new_data,651,250.11,0,,,,,0,38.0
new_data,652,250.21,0,,,,,0,38.0
new_data,653,250.3,0,,,,,0,38.0
new_data,654,250.4,0,,,,,0,52.0
new_data,655,250.51,0,,,,,0,38.0
new_data,656,250.61,0,,,,,0,36.0
new_data,657,250.71,0,,,,,0,126.0
new_data,658,250.81,0,,,,,0,52.0
new_data,659,250.91,0,,,,,0,90.0
new_data,660,251.01,0,,,,,0,48.0
new_data,661,251.12,0,,,,,0,48.0
new_data,662,251.21,0,,,,,0,46.0
new_data,663,251.31,0,,,,,0,44.0
new_data,664,251.41,0,,,,,0,42.0
new_data,665,251.51,0,,,,,0,40.0
new_data,666,251.6,0,,,,,0,38.0
new_data,667,251.71,0,,,,,0,38.0
new_data,668,251.81,0,,,,,0,40.0
new_data,669,251.91,0,,,,,0,38.0
new_data,670,252.0,0,,,,,0,38.0
new_data,671,252.11,0,,,,,0,38.0
new_data,672,252.21,0,,,,,0,48.0
new_data,673,252.31,0,,,,,0,56.0
new_data,674,252.41,0,,,,,0,54.0
new_data,675,252.51,0,,,,,0,86.0
new_data,676,252.61,0,,,,,0,50.0
new_data,677,252.71,0,,,,,0,82.0
new_data,678,252.81,0,,,,,0,70.0
new_data,679,252.9,0,,,,,0,68.0
new_data,680,253.01,0,,,,,0,66.0
new_data,681,253.11,0,,,,,0,74.0
new_data,682,253.2,0,,,,,0,62.0
new_data,683,253.31,0,,,,,0,70.0
new_data,684,253.41,0,,,,,0,56.0
new_data,685,253.51,0,,,,,0,64.0
new_data,686,253.61,0,,,,,0,64.0
new_data,687,253.71,0,,,,,0,62.0
new_data,688,253.81,0,,,,,0,58.0
new_data,689,253.9,0,,,,,0,66.0
new_data,690,254.01,0,,,,,0,46.0
new_data,691,254.11,0,,,,,0,46.0
new_data,692,254.21,0,,,,,0,44.0
new_data,693,254.31,0,,,,,0,78.0
new_data,694,254.41,0,,,,,0,48.0
new_data,695,254.5,0,,,,,0,48.0
new_data,696,254.61,0,,,,,0,76.0
new_data,697,254.71,0,,,,,0,74.0
new_data,698,254.81,0,,,,,0,72.0
new_data,699,254.92,0,,,,,0,40.0
new_data,700,255.01,0,,,,,0,38.0
new_data,701,255.11,0,,,,,0,38.0
new_data,702,255.2,0,,,,,0,92.0
new_data,703,255.31,0,,,,,0,50.0
new_data,704,255.41,0,,,,,0,72.0
new_data,705,255.51,0,,,,,0,98.0
new_data,706,255.6,0,,,,,0,78.0
new_data,707,255.71,0,,,,,0,52.0
new_data,708,255.81,0,,,,,0,42.0
new_data,709,255.9,0,,,,,0,78.0
new_data,710,256.01,0,,,,,0,38.0
new_data,711,256.11,0,,,,,0,38.0
new_data,712,256.21,0,,,,,0,56.0
new_data,713,256.3,0,,,,,0,54.0
new_data,714,256.41,0,,,,,0,52.0
new_data,715,256.5,0,,,,,0,80.0
new_data,716,256.6,0,,,,,0,48.0
new_data,717,256.71,0,,,,,0,46.0
new_data,718,256.81,0,,,,,0,44.0
new_data,719,256.91,0,,,,,0,88.0
new_data,720,257.01,0,,,,,0,40.0
new_data,721,257.11,0,,,,,0,40.0
new_data,722,257.21,0,,,,,0,82.0
new_data,723,257.32,0,,,,,0,38.0
new_data,724,257.41,0,,,,,0,50.0
new_data,725,257.5,0,,,,,0,46.0
new_data,726,257.61,0,,,,,0,44.0
new_data,727,257.7,0,,,,,0,44.0
new_data,728,257.8,0,,,,,0,58.0
new_data,729,257.91,0,,,,,0,72.0
new_data,730,258.0,0,,,,,0,54.0
new_data,731,258.11,0,,,,,0,52.0
new_data,732,258.2,0,,,,,0,52.0
new_data,733,258.31,0,,,,,0,68.0
new_data,734,258.41,0,,,,,0,60.0
new_data,735,258.5,0,,,,,0,76.0
new_data,736,258.61,0,,,,,0,56.0
new_data,737,258.71,0,,,,,0,40.0
new_data,738,258.81,0,,,,,0,70.0
new_data,739,258.91,0,,,,,0,40.0
new_data,740,259.01,0,,,,,0,38.0
new_data,741,259.11,0,,,,,0,48.0
new_data,742,259.2,0,,,,,0,46.0
new_data,743,259.31,0,,,,,0,42.0
new_data,744,259.41,0,,,,,0,56.0
new_data,745,259.5,0,,,,,0,142.0
new_data,746,259.61,0,,,,,0,128.0
new_data,747,259.7,0,,,,,0,124.0
new_data,748,259.81,0,,,,,0,48.0
new_data,749,259.91,0,,,,,0,48.0
new_data,750,260.01,0,,,,,0,46.0
new_data,751,260.11,0,,,,,0,44.0
new_data,752,260.21,0,,,,,0,44.0
new_data,753,260.3,0,,,,,0,40.0
new_data,754,260.4,0,,,,,0,40.0
new_data,755,260.51,0,,,,,0,40.0
new_data,756,260.61,0,,,,,0,38.0
new_data,757,260.71,0,,,,,0,36.0
new_data,758,260.81,0,,,,,0,40.0
new_data,759,260.91,0,,,,,0,38.0
new_data,760,261.01,0,,,,,0,48.0
new_data,761,261.11,0,,,,,0,64.0
new_data,762,261.21,0,,,,,0,44.0
new_data,763,261.32,0,,,,,0,40.0
new_data,764,261.41,0,,,,,0,62.0
new_data,765,261.51,0,,,,,0,58.0
new_data,766,261.61,0,,,,,0,38.0
new_data,767,261.71,0,,,,,0,104.0
new_data,768,261.81,0,,,,,0,40.0
new_data,769,261.91,0,,,,,0,90.0
new_data,770,262.01,0,,,,,0,86.0
new_data,771,262.11,0,,,,,0,96.0
new_data,772,262.21,0,,,,,0,88.0
new_data,773,262.31,0,,,,,0,80.0
new_data,774,262.41,0,,,,,0,78.0
new_data,775,262.51,0,,,,,0,80.0
new_data,776,262.61,0,,,,,0,76.0
new_data,777,262.71,0,,,,,0,76.0
new_data,778,262.81,0,,,,,0,74.0
new_data,779,262.91,0,,,,,0,68.0
new_data,780,263.01,0,,,,,0,70.0
new_data,781,263.11,0,,,,,0,66.0
new_data,782,263.21,0,,,,,0,56.0
new_data,783,263.31,0,,,,,0,70.0
new_data,784,263.41,0,,,,,0,46.0
new_data,785,263.51,0,,,,,0,66.0
new_data,786,263.61,0,,,,,0,42.0
new_data,787,263.71,0,,,,,0,42.0
new_data,788,263.81,0,,,,,0,40.0
new_data,789,263.91,0,,,,,0,60.0
new_data,790,264.01,0,,,,,0,52.0
new_data,791,264.11,0,,,,,0,50.0
new_data,792,264.2,0,,,,,0,50.0
new_data,793,264.31,0,,,,,0,40.0
new_data,794,264.41,0,,,,,0,44.0
new_data,795,264.51,0,,,,,0,52.0
new_data,796,264.61,0,,,,,0,52.0
new_data,797,264.71,0,,,,,0,50.0
new_data,798,264.81,0,,,,,0,40.0
new_data,799,264.91,0,,,,,0,40.0
new_data,800,375.02,0,,,,,0,54.0
new_data,801,375.12,0,,,,,0,54.0
new_data,802,375.22,1,55.8,-0.92,0.65,6,2,50.0
new_data,803,375.31,1,56.6,-0.97,0.99,8,1,48.0
new_data,804,375.42,0,,,,,0,64.0
new_data,805,375.53,1,54.8,-0.26,1.99,199,1,46.0
new_data,806,375.62,1,59.8,-0.71,1.5,39,1,52.0
new_data,807,375.72,0,,,,,0,86.0
new_data,808,375.82,0,,,,,0,40.0
new_data,809,375.92,0,,,,,0,124.0
new_data,810,376.02,0,,,,,0,54.0
new_data,811,376.11,0,,,,,0,76.0
new_data,812,376.21,0,,,,,0,40.0
new_data,813,376.32,0,,,,,0,38.0
new_data,814,376.42,0,,,,,0,72.0
new_data,815,376.51,0,,,,,0,140.0
new_data,816,376.62,0,,,,,0,68.0
new_data,817,376.72,0,,,,,0,132.0
new_data,818,376.82,0,,,,,0,62.0
new_data,819,376.92,0,,,,,0,60.0
new_data,820,377.02,1,68.5,-0.95,1.2,6,1,60.0
new_data,821,377.12,1,66.5,-0.87,1.11,12,1,58.0
new_data,822,377.22,1,61.9,-0.65,1.87,35,1,54.0
new_data,823,377.32,0,,,,,0,52.0
new_data,824,377.42,1,60.7,-0.88,1.33,17,1,52.0
new_data,825,377.52,1,56.7,-0.83,1.33,7,1,48.0
new_data,826,377.62,0,,,,,0,50.0
new_data,827,377.71,1,53.2,-0.89,0.61,8,1,44.0
new_data,828,377.82,1,52.6,-0.9,1.27,8,1,44.0
new_data,829,377.93,0,,,,,0,40.0
new_data,830,378.02,0,,,,,0,42.0
new_data,831,378.12,0,,,,,0,40.0
new_data,832,378.21,0,,,,,0,40.0
new_data,833,378.32,0,,,,,0,38.0
new_data,834,378.42,0,,,,,0,44.0
new_data,835,378.52,0,,,,,0,42.0
new_data,836,378.62,0,,,,,0,84.0
new_data,837,378.73,0,,,,,0,114.0
new_data,838,378.82,0,,,,,0,34.0
new_data,839,378.92,0,,,,,0,92.0
new_data,840,379.01,0,,,,,0,70.0
new_data,841,379.12,0,,,,,0,42.0
new_data,842,379.22,0,,,,,0,40.0
new_data,843,379.32,0,,,,,0,64.0
new_data,844,379.41,0,,,,,0,88.0
new_data,845,379.51,0,,,,,0,60.0
new_data,846,379.62,0,,,,,0,38.0
new_data,847,379.72,1,73.2,-0.8,0.19,4,1,72.0
new_data,848,379.82,0,,,,,0,38.0
new_data,849,379.92,0,,,,,0,38.0
new_data,850,380.02,1,86.0,-0.23,0.41,3,1,104.0
new_data,851,380.12,1,69.4,-0.41,0.22,6,2,90.0
new_data,852,380.22,1,68.1,-0.13,0.23,5,3,120.0
new_data,853,380.31,1,67.6,-0.29,0.21,6,2,112.0
new_data,854,380.42,1,69.4,-0.04,0.22,6,2,98.0
new_data,855,380.52,1,67.3,-0.17,0.23,6,2,96.0
new_data,856,380.62,0,,,,,0,98.0
new_data,857,380.72,1,68.2,-0.05,0.44,11,2,90.0
new_data,858,380.81,1,71.1,-0.24,0.29,7,1,88.0
new_data,859,380.92,1,60.4,-0.38,0.3,10,2,88.0
new_data,860,381.02,0,,,,,0,90.0
new_data,861,381.13,0,,,,,0,108.0
new_data,862,381.22,0,,,,,0,116.0
new_data,863,381.32,0,,,,,0,78.0
new_data,864,381.42,0,,,,,0,76.0
new_data,865,381.52,0,,,,,0,74.0
new_data,866,381.62,0,,,,,0,72.0
new_data,867,381.72,0,,,,,0,108.0
new_data,868,381.84,0,,,,,0,68.0
new_data,869,381.92,0,,,,,0,92.0
new_data,870,382.02,0,,,,,0,68.0
new_data,871,382.12,0,,,,,0,68.0
new_data,872,382.22,0,,,,,0,64.0
new_data,873,382.32,0,,,,,0,58.0
new_data,874,382.42,0,,,,,0,58.0
new_data,875,382.53,0,,,,,0,92.0
new_data,876,382.62,0,,,,,0,52.0
new_data,877,382.73,0,,,,,0,52.0
new_data,878,382.82,0,,,,,0,50.0
new_data,879,382.92,0,,,,,0,48.0
new_data,880,383.02,0,,,,,0,46.0
new_data,881,383.12,0,,,,,0,100.0
new_data,882,383.22,0,,,,,0,44.0
new_data,883,383.32,0,,,,,0,76.0
new_data,884,383.42,0,,,,,0,64.0
new_data,885,383.52,0,,,,,0,54.0
new_data,886,383.62,0,,,,,0,60.0
new_data,887,383.72,0,,,,,0,72.0
new_data,888,383.81,0,,,,,0,90.0
new_data,889,383.92,0,,,,,0,54.0
new_data,890,384.02,0,,,,,0,82.0
new_data,891,384.12,0,,,,,0,106.0
new_data,892,384.22,0,,,,,0,48.0
new_data,893,384.32,0,,,,,0,48.0
new_data,894,384.42,0,,,,,0,44.0
new_data,895,384.52,0,,,,,0,42.0
new_data,896,384.62,0,,,,,0,42.0
new_data,897,384.72,0,,,,,0,52.0
new_data,898,384.82,0,,,,,0,38.0
new_data,899,384.92,0,,,,,0,66.0
new_data,900,385.02,0,,,,,0,36.0
new_data,901,385.12,0,,,,,0,132.0
new_data,902,385.22,0,,,,,0,86.0
new_data,903,385.32,0,,,,,0,54.0
new_data,904,385.42,0,,,,,0,42.0
new_data,905,385.52,0,,,,,0,38.0
new_data,906,385.62,0,,,,,0,54.0
new_data,907,385.72,0,,,,,0,38.0
new_data,908,385.82,0,,,,,0,38.0
new_data,909,385.92,0,,,,,0,38.0
new_data,910,386.02,0,,,,,0,106.0
new_data,911,386.12,0,,,,,0,74.0
new_data,912,386.22,0,,,,,0,84.0
new_data,913,386.32,0,,,,,0,58.0
new_data,914,386.42,0,,,,,0,54.0
new_data,915,386.52,0,,,,,0,54.0
new_data,916,386.62,0,,,,,0,50.0
new_data,917,386.72,0,,,,,0,50.0
new_data,918,386.82,0,,,,,0,46.0
new_data,919,386.92,0,,,,,0,44.0
new_data,920,387.02,0,,,,,0,42.0
new_data,921,387.12,0,,,,,0,44.0
new_data,922,387.22,0,,,,,0,92.0
new_data,923,387.31,0,,,,,0,82.0
new_data,924,387.42,0,,,,,0,80.0
new_data,925,387.52,0,,,,,0,76.0
new_data,926,387.62,0,,,,,0,72.0
new_data,927,387.72,0,,,,,0,72.0
new_data,928,387.82,0,,,,,0,70.0
new_data,929,387.92,0,,,,,0,70.0
new_data,930,388.02,0,,,,,0,68.0
new_data,931,388.12,0,,,,,0,60.0
new_data,932,388.22,0,,,,,0,64.0
new_data,933,388.32,0,,,,,0,60.0
new_data,934,388.42,0,,,,,0,60.0
new_data,935,388.51,0,,,,,0,56.0
new_data,936,388.61,0,,,,,0,56.0
new_data,937,388.72,0,,,,,0,38.0
new_data,938,388.82,0,,,,,0,52.0
new_data,939,388.91,0,,,,,0,52.0
new_data,940,389.02,0,,,,,0,48.0
new_data,941,389.12,0,,,,,0,38.0
new_data,942,389.22,0,,,,,0,50.0
new_data,943,389.32,1,70.3,0.98,1.97,7,1,60.0
new_data,944,389.42,0,,,,,0,58.0
new_data,945,389.52,1,66.7,0.98,1.98,6,1,58.0
new_data,946,389.62,0,,,,,0,68.0
new_data,947,389.71,0,,,,,0,48.0
new_data,948,389.82,0,,,,,0,64.0
new_data,949,389.92,1,59.4,0.97,1.77,5,1,62.0
new_data,950,390.02,0,,,,,0,56.0
new_data,951,390.12,0,,,,,0,56.0
new_data,952,390.21,0,,,,,0,58.0
new_data,953,390.32,0,,,,,0,56.0
new_data,954,390.41,0,,,,,0,52.0
new_data,955,390.52,0,,,,,0,52.0
new_data,956,390.62,0,,,,,0,48.0
new_data,957,390.72,0,,,,,0,48.0
new_data,958,390.82,0,,,,,0,44.0
new_data,959,390.92,0,,,,,0,42.0
new_data,960,391.02,0,,,,,0,42.0
new_data,961,391.12,0,,,,,0,40.0
new_data,962,391.22,0,,,,,0,52.0
new_data,963,391.32,0,,,,,0,52.0
new_data,964,391.42,0,,,,,0,76.0
new_data,965,391.52,0,,,,,0,72.0
new_data,966,391.62,0,,,,,0,42.0
new_data,967,391.72,0,,,,,0,52.0
new_data,968,391.82,0,,,,,0,48.0
new_data,969,391.92,0,,,,,0,48.0
new_data,970,392.02,0,,,,,0,46.0
new_data,971,392.12,0,,,,,0,44.0
new_data,972,392.22,0,,,,,0,82.0
new_data,973,392.32,0,,,,,0,38.0
new_data,974,392.42,0,,,,,0,38.0
new_data,975,392.52,0,,,,,0,38.0
new_data,976,392.62,0,,,,,0,38.0
new_data,977,392.72,0,,,,,0,74.0
new_data,978,392.82,0,,,,,0,44.0
new_data,979,392.92,0,,,,,0,62.0
new_data,980,393.02,0,,,,,0,70.0
new_data,981,393.12,1,61.2,0.9,1.9,15,1,58.0
new_data,982,393.22,0,,,,,0,10.0
new_data,983,393.32,0,,,,,0,70.0
new_data,984,393.42,0,,,,,0,52.0
new_data,985,393.52,0,,,,,0,10.0
new_data,986,393.62,0,,,,,0,64.0
new_data,987,393.71,0,,,,,0,62.0
new_data,988,393.82,0,,,,,0,66.0
new_data,989,393.92,0,,,,,0,58.0
new_data,990,394.02,0,,,,,0,60.0
new_data,991,394.12,0,,,,,0,62.0
new_data,992,394.22,0,,,,,0,38.0
new_data,993,394.32,0,,,,,0,38.0
new_data,994,394.42,0,,,,,0,54.0
new_data,995,394.52,0,,,,,0,54.0
new_data,996,394.62,0,,,,,0,52.0
new_data,997,394.72,0,,,,,0,50.0
new_data,998,394.83,0,,,,,0,50.0
new_data,999,394.92,0,,,,,0,44.0
new_data,1000,395.02,0,,,,,0,44.0
new_data,1001,395.12,0,,,,,0,42.0
new_data,1002,395.22,0,,,,,0,42.0
new_data,1003,395.32,0,,,,,0,58.0
new_data,1004,395.41,0,,,,,0,78.0
new_data,1005,395.52,0,,,,,0,44.0
new_data,1006,395.62,0,,,,,0,56.0
new_data,1007,395.72,0,,,,,0,54.0
new_data,1008,395.82,0,,,,,0,52.0
new_data,1009,395.92,0,,,,,0,62.0
new_data,1010,396.01,0,,,,,0,50.0
new_data,1011,396.12,0,,,,,0,46.0
new_data,1012,396.22,0,,,,,0,46.0
new_data,1013,396.31,0,,,,,0,42.0
new_data,1014,396.42,0,,,,,0,42.0
new_data,1015,396.52,0,,,,,0,42.0
new_data,1016,396.62,0,,,,,0,38.0
new_data,1017,396.72,0,,,,,0,50.0
new_data,1018,396.82,0,,,,,0,50.0
new_data,1019,396.92,0,,,,,0,36.0
new_data,1020,397.02,0,,,,,0,46.0
new_data,1021,397.13,0,,,,,0,44.0
new_data,1022,397.22,0,,,,,0,42.0
new_data,1023,397.32,0,,,,,0,40.0
new_data,1024,397.43,0,,,,,0,40.0
new_data,1025,397.52,0,,,,,0,96.0
new_data,1026,397.62,0,,,,,0,38.0
new_data,1027,397.71,0,,,,,0,94.0
new_data,1028,397.81,0,,,,,0,92.0
new_data,1029,397.92,0,,,,,0,88.0
new_data,1030,398.02,0,,,,,0,84.0
new_data,1031,398.12,0,,,,,0,44.0
new_data,1032,398.22,0,,,,,0,88.0
new_data,1033,398.32,0,,,,,0,40.0
new_data,1034,398.42,0,,,,,0,84.0
new_data,1035,398.52,0,,,,,0,40.0
new_data,1036,398.62,0,,,,,0,82.0
new_data,1037,398.72,0,,,,,0,78.0
new_data,1038,398.82,0,,,,,0,78.0
new_data,1039,398.92,0,,,,,0,64.0
new_data,1040,399.02,0,,,,,0,74.0
new_data,1041,399.12,0,,,,,0,72.0
new_data,1042,399.22,0,,,,,0,72.0
new_data,1043,399.32,0,,,,,0,68.0
new_data,1044,399.42,0,,,,,0,68.0
new_data,1045,399.52,0,,,,,0,68.0
new_data,1046,399.62,0,,,,,0,52.0
new_data,1047,399.72,0,,,,,0,64.0
new_data,1048,399.82,0,,,,,0,60.0
new_data,1049,399.92,0,,,,,0,60.0
new_data,1050,400.02,0,,,,,0,58.0
new_data,1051,400.12,0,,,,,0,38.0
new_data,1052,400.22,0,,,,,0,38.0
new_data,1053,400.32,0,,,,,0,40.0
new_data,1054,400.42,0,,,,,0,40.0
new_data,1055,400.52,0,,,,,0,40.0
new_data,1056,400.62,0,,,,,0,38.0
new_data,1057,400.72,0,,,,,0,48.0
new_data,1058,400.82,0,,,,,0,36.0
new_data,1059,400.91,0,,,,,0,70.0
new_data,1060,401.02,1,77.8,0.94,1.97,6,1,72.0
new_data,1061,401.12,0,,,,,0,42.0
new_data,1062,401.23,0,,,,,0,66.0
new_data,1063,401.32,0,,,,,0,56.0
new_data,1064,401.42,0,,,,,0,52.0
new_data,1065,401.52,0,,,,,0,52.0
new_data,1066,401.62,0,,,,,0,38.0
new_data,1067,401.72,0,,,,,0,48.0
new_data,1068,401.83,0,,,,,0,46.0
new_data,1069,401.92,0,,,,,0,56.0
new_data,1070,402.02,0,,,,,0,52.0
new_data,1071,402.12,0,,,,,0,40.0
new_data,1072,402.22,0,,,,,0,38.0
new_data,1073,402.32,0,,,,,0,50.0
new_data,1074,402.42,0,,,,,0,48.0
new_data,1075,402.52,0,,,,,0,38.0
new_data,1076,402.62,0,,,,,0,44.0
new_data,1077,402.72,0,,,,,0,44.0
new_data,1078,402.82,0,,,,,0,44.0
new_data,1079,402.92,0,,,,,0,42.0
new_data,1080,403.02,0,,,,,0,40.0
new_data,1081,403.12,0,,,,,0,38.0
new_data,1082,403.22,0,,,,,0,38.0
new_data,1083,403.32,0,,,,,0,38.0
new_data,1084,403.42,0,,,,,0,54.0
new_data,1085,403.52,0,,,,,0,48.0
new_data,1086,403.62,0,,,,,0,48.0
new_data,1087,403.72,0,,,,,0,44.0
new_data,1088,403.82,0,,,,,0,48.0
new_data,1089,403.92,0,,,,,0,48.0
new_data,1090,404.02,0,,,,,0,44.0
new_data,1091,404.12,0,,,,,0,54.0
new_data,1092,404.23,0,,,,,0,52.0
new_data,1093,404.32,1,55.5,0.49,1.9,43,1,48.0
new_data,1094,404.42,0,,,,,0,62.0
new_data,1095,404.53,0,,,,,0,62.0
new_data,1096,404.62,0,,,,,0,58.0
new_data,1097,404.72,0,,,,,0,60.0
new_data,1098,404.82,0,,,,,0,58.0
new_data,1099,404.91,0,,,,,0,60.0
new_data,1100,405.03,0,,,,,0,60.0
new_data,1101,405.12,0,,,,,0,54.0
new_data,1102,405.22,0,,,,,0,58.0
new_data,1103,405.32,0,,,,,0,52.0
new_data,1104,405.42,0,,,,,0,52.0
new_data,1105,405.52,0,,,,,0,46.0
new_data,1106,405.62,0,,,,,0,48.0
new_data,1107,405.71,0,,,,,0,46.0
new_data,1108,405.83,0,,,,,0,44.0
new_data,1109,405.92,0,,,,,0,46.0
new_data,1110,406.02,0,,,,,0,54.0
new_data,1111,406.13,0,,,,,0,38.0
new_data,1112,406.22,0,,,,,0,44.0
new_data,1113,406.32,0,,,,,0,44.0
new_data,1114,406.42,1,53.9,0.06,1.94,48,1,46.0
new_data,1115,406.52,0,,,,,0,10.0
new_data,1116,406.62,0,,,,,0,10.0
new_data,1117,406.72,1,49.4,0.68,1.92,52,1,46.0
new_data,1118,406.82,1,17.7,0.97,1.92,104,1,8.0
new_data,1119,406.92,0,,,,,0,40.0
new_data,1120,407.02,0,,,,,0,38.0
new_data,1121,407.12,0,,,,,0,42.0
new_data,1122,407.22,0,,,,,0,40.0
new_data,1123,407.32,0,,,,,0,10.0
new_data,1124,407.42,0,,,,,0,42.0
new_data,1125,407.52,0,,,,,0,38.0
new_data,1126,407.62,0,,,,,0,36.0
new_data,1127,407.72,0,,,,,0,36.0
new_data,1128,407.82,0,,,,,0,36.0
new_data,1129,407.92,0,,,,,0,34.0
new_data,1130,408.02,0,,,,,0,52.0
new_data,1131,408.12,0,,,,,0,10.0
new_data,1132,408.22,0,,,,,0,32.0
new_data,1133,408.32,0,,,,,0,62.0
new_data,1134,408.42,0,,,,,0,30.0
new_data,1135,408.53,0,,,,,0,32.0
new_data,1136,408.62,0,,,,,0,10.0
new_data,1137,408.72,0,,,,,0,10.0
new_data,1138,408.82,0,,,,,0,42.0
new_data,1139,408.92,0,,,,,0,42.0
new_data,1140,409.03,0,,,,,0,42.0
new_data,1141,409.12,0,,,,,0,14.0
new_data,1142,409.22,0,,,,,0,10.0
new_data,1143,409.32,0,,,,,0,36.0
new_data,1144,409.42,0,,,,,0,96.0
new_data,1145,409.52,0,,,,,0,14.0
new_data,1146,409.62,0,,,,,0,12.0
new_data,1147,409.72,0,,,,,0,12.0
new_data,1148,409.82,0,,,,,0,14.0
new_data,1149,409.94,0,,,,,0,10.0
new_data,1150,410.02,0,,,,,0,38.0
new_data,1151,410.12,0,,,,,0,22.0
new_data,1152,410.22,0,,,,,0,60.0
new_data,1153,410.32,1,91.6,0.21,1.87,10,1,82.0
new_data,1154,410.42,1,90.2,0.25,1.98,12,1,80.0
new_data,1155,410.52,0,,,,,0,60.0
new_data,1156,410.62,1,87.3,0.52,1.97,10,1,78.0
new_data,1157,410.72,1,85.8,0.54,1.82,10,1,78.0
new_data,1158,410.82,1,84.4,0.55,1.93,9,1,76.0
new_data,1159,410.92,0,,,,,0,76.0
new_data,1160,411.02,1,82.7,-0.09,0.6,6,1,74.0
new_data,1161,411.12,0,,,,,0,38.0
new_data,1162,411.22,0,,,,,0,40.0
new_data,1163,411.33,0,,,,,0,36.0
new_data,1164,411.42,0,,,,,0,66.0
new_data,1165,411.52,0,,,,,0,34.0
new_data,1166,411.62,0,,,,,0,36.0
new_data,1167,411.73,0,,,,,0,40.0
new_data,1168,411.82,0,,,,,0,36.0
new_data,1169,411.93,0,,,,,0,38.0
new_data,1170,412.02,0,,,,,0,40.0
new_data,1171,412.12,0,,,,,0,40.0
new_data,1172,412.22,0,,,,,0,118.0
new_data,1173,412.33,0,,,,,0,118.0
new_data,1174,412.42,0,,,,,0,54.0
new_data,1175,412.53,0,,,,,0,50.0
new_data,1176,412.62,0,,,,,0,108.0
new_data,1177,412.72,0,,,,,0,112.0
new_data,1178,412.82,0,,,,,0,74.0
new_data,1179,412.92,0,,,,,0,66.0
new_data,1180,413.02,0,,,,,0,120.0
new_data,1181,413.12,0,,,,,0,108.0
new_data,1182,413.22,0,,,,,0,110.0
new_data,1183,413.32,0,,,,,0,64.0
new_data,1184,413.42,0,,,,,0,108.0
new_data,1185,413.52,0,,,,,0,122.0
new_data,1186,413.62,0,,,,,0,108.0
new_data,1187,413.72,0,,,,,0,108.0
new_data,1188,413.82,0,,,,,0,78.0
new_data,1189,413.92,0,,,,,0,118.0
new_data,1190,414.02,0,,,,,0,56.0
new_data,1191,414.12,0,,,,,0,112.0
new_data,1192,414.22,0,,,,,0,104.0
new_data,1193,414.32,0,,,,,0,110.0
new_data,1194,414.42,0,,,,,0,92.0
new_data,1195,414.52,0,,,,,0,108.0
new_data,1196,414.62,0,,,,,0,108.0
new_data,1197,414.72,0,,,,,0,102.0
new_data,1198,414.82,0,,,,,0,106.0
new_data,1199,414.92,0,,,,,0,114.0
new_data,1200,525.03,0,,,,,0,48.0
new_data,1201,525.13,0,,,,,0,82.0
new_data,1202,525.23,0,,,,,0,78.0
new_data,1203,525.33,1,83.3,-0.75,1.93,24,2,78.0
new_data,1204,525.43,0,,,,,0,40.0
new_data,1205,525.54,0,,,,,0,50.0
new_data,1206,525.63,0,,,,,0,94.0
new_data,1207,525.73,0,,,,,0,70.0
new_data,1208,525.83,0,,,,,0,38.0
new_data,1209,525.93,0,,,,,0,66.0
new_data,1210,526.03,1,70.4,-0.02,2.0,150,1,62.0
new_data,1211,526.13,1,68.8,-0.56,1.88,32,1,62.0
new_data,1212,526.24,0,,,,,0,40.0
new_data,1213,526.33,0,,,,,0,40.0
new_data,1214,526.42,1,47.3,-0.77,2.0,18,1,40.0
new_data,1215,526.53,1,45.1,-0.74,0.42,7,2,38.0
new_data,1216,526.63,1,43.4,-0.87,0.37,7,3,38.0
new_data,1217,526.73,0,,,,,0,52.0
new_data,1218,526.83,0,,,,,0,48.0
new_data,1219,526.93,0,,,,,0,32.0
new_data,1220,527.03,0,,,,,0,76.0
new_data,1221,527.13,1,51.3,-0.11,1.99,246,1,44.0
new_data,1222,527.23,0,,,,,0,54.0
new_data,1223,527.33,0,,,,,0,40.0
new_data,1224,527.44,0,,,,,0,58.0
new_data,1225,527.53,1,57.4,-0.1,1.89,217,1,48.0
new_data,1226,527.63,1,58.2,-0.19,1.99,225,1,54.0
new_data,1227,527.73,0,,,,,0,44.0
new_data,1228,527.83,0,,,,,0,38.0
new_data,1229,527.95,1,57.9,0.1,1.9,166,1,50.0
new_data,1230,528.03,1,52.5,-0.11,2.0,234,1,48.0
new_data,1231,528.12,1,49.4,-0.89,0.89,7,2,46.0
new_data,1232,528.23,1,50.7,-0.81,1.34,35,1,44.0
new_data,1233,528.33,0,,,,,0,60.0
new_data,1234,528.43,1,49.3,-0.02,1.99,247,1,40.0
new_data,1235,528.53,0,,,,,0,48.0
new_data,1236,528.63,1,48.5,-0.27,1.99,259,1,40.0
new_data,1237,528.74,0,,,,,0,64.0
new_data,1238,528.83,0,,,,,0,60.0
new_data,1239,528.94,0,,,,,0,50.0
new_data,1240,529.03,1,67.6,0.01,2.0,136,1,64.0
new_data,1241,529.13,0,,,,,0,54.0
new_data,1242,529.23,0,,,,,0,94.0
new_data,1243,529.33,1,56.1,-0.09,2.0,174,1,52.0
new_data,1244,529.43,1,53.5,-0.15,1.98,194,1,52.0
new_data,1245,529.53,0,,,,,0,74.0
new_data,1246,529.63,1,52.3,-0.04,1.98,223,1,46.0
new_data,1247,529.73,0,,,,,0,56.0
new_data,1248,529.83,0,,,,,0,56.0
new_data,1249,529.93,1,56.5,-0.12,2.0,215,1,54.0
new_data,1250,530.03,0,,,,,0,52.0
new_data,1251,530.13,0,,,,,0,38.0
new_data,1252,530.23,0,,,,,0,62.0
new_data,1253,530.33,0,,,,,0,54.0
new_data,1254,530.44,0,,,,,0,60.0
new_data,1255,530.52,1,62.0,-0.11,2.0,154,1,58.0
new_data,1256,530.63,0,,,,,0,70.0
new_data,1257,530.74,0,,,,,0,48.0
new_data,1258,530.85,1,61.9,-0.14,1.98,150,1,52.0
new_data,1259,530.93,0,,,,,0,44.0
new_data,1260,531.03,1,51.1,-0.13,2.0,241,1,42.0
new_data,1261,531.12,0,,,,,0,48.0
new_data,1262,531.23,0,,,,,0,38.0
new_data,1263,531.33,0,,,,,0,38.0
new_data,1264,531.43,1,43.5,-0.11,2.0,276,1,38.0
new_data,1265,531.53,0,,,,,0,62.0
new_data,1266,531.63,1,47.7,-0.18,2.0,252,1,38.0
new_data,1267,531.74,1,42.1,-0.62,0.3,8,2,36.0
new_data,1268,531.84,0,,,,,0,62.0
new_data,1269,531.93,0,,,,,0,60.0
new_data,1270,532.03,1,47.2,0.02,1.99,269,1,40.0
new_data,1271,532.13,0,,,,,0,56.0
new_data,1272,532.23,0,,,,,0,48.0
new_data,1273,532.34,0,,,,,0,52.0
new_data,1274,532.45,0,,,,,0,44.0
new_data,1275,532.53,1,46.3,-0.87,1.43,17,1,44.0
new_data,1276,532.63,0,,,,,0,68.0
new_data,1277,532.74,0,,,,,0,48.0
new_data,1278,532.83,0,,,,,0,64.0
new_data,1279,532.93,0,,,,,0,44.0
new_data,1280,533.03,1,65.7,-0.9,1.0,7,1,64.0
new_data,1281,533.13,0,,,,,0,40.0
new_data,1282,533.24,1,45.8,-0.22,1.98,300,1,38.0
new_data,1283,533.34,0,,,,,0,56.0
new_data,1284,533.43,0,,,,,0,56.0
new_data,1285,533.53,1,57.2,-0.06,1.95,213,1,52.0
new_data,1286,533.63,1,57.3,-0.8,0.56,7,1,52.0
new_data,1287,533.74,1,53.8,-0.17,1.94,237,1,48.0
new_data,1288,533.83,1,52.2,-0.62,1.71,45,1,48.0
new_data,1289,533.93,1,49.6,-0.15,1.98,244,1,48.0
new_data,1290,534.03,1,49.8,-0.83,0.57,7,2,44.0
new_data,1291,534.15,1,46.7,-0.92,1.22,19,1,44.0
new_data,1292,534.23,1,44.2,-0.2,1.98,303,1,40.0
new_data,1293,534.33,1,45.1,-0.22,1.99,312,1,40.0
new_data,1294,534.43,0,,,,,0,68.0
new_data,1295,534.53,1,43.5,-0.94,1.16,12,1,38.0
new_data,1296,534.63,0,,,,,0,52.0
new_data,1297,534.73,0,,,,,0,60.0
new_data,1298,534.83,0,,,,,0,52.0
new_data,1299,534.93,0,,,,,0,120.0
new_data,1300,535.03,1,57.0,-0.05,1.97,154,1,50.0
new_data,1301,535.13,0,,,,,0,48.0
new_data,1302,535.23,1,56.3,-0.7,2.0,95,1,52.0
new_data,1303,535.33,1,47.9,-0.88,1.35,21,1,44.0
new_data,1304,535.42,0,,,,,0,48.0
new_data,1305,535.53,0,,,,,0,76.0
new_data,1306,535.63,0,,,,,0,48.0
new_data,1307,535.73,0,,,,,0,74.0
new_data,1308,535.85,1,77.0,-0.93,1.39,9,2,72.0
new_data,1309,535.93,0,,,,,0,38.0
new_data,1310,536.02,1,73.4,-0.89,1.16,12,2,68.0
new_data,1311,536.13,0,,,,,0,44.0
new_data,1312,536.23,0,,,,,0,136.0
new_data,1313,536.33,0,,,,,0,76.0
new_data,1314,536.43,1,79.0,-0.93,0.29,3,1,112.0
new_data,1315,536.53,0,,,,,0,60.0
new_data,1316,536.63,0,,,,,0,38.0
new_data,1317,536.73,0,,,,,0,42.0
new_data,1318,536.83,0,,,,,0,68.0
new_data,1319,536.93,0,,,,,0,104.0
new_data,1320,537.03,0,,,,,0,110.0
new_data,1321,537.13,0,,,,,0,50.0
new_data,1322,537.23,0,,,,,0,88.0
new_data,1323,537.33,0,,,,,0,60.0
new_data,1324,537.43,1,65.5,-0.51,1.97,98,1,60.0
new_data,1325,537.53,0,,,,,0,84.0
new_data,1326,537.63,1,64.5,-0.68,1.11,29,1,56.0
new_data,1327,537.73,0,,,,,0,100.0
new_data,1328,537.83,0,,,,,0,66.0
new_data,1329,537.93,0,,,,,0,96.0
new_data,1330,538.04,0,,,,,0,92.0
new_data,1331,538.13,0,,,,,0,60.0
new_data,1332,538.22,0,,,,,0,90.0
new_data,1333,538.33,0,,,,,0,88.0
new_data,1334,538.44,0,,,,,0,86.0
new_data,1335,538.53,0,,,,,0,56.0
new_data,1336,538.63,0,,,,,0,54.0
new_data,1337,538.73,0,,,,,0,62.0
new_data,1338,538.83,0,,,,,0,78.0
new_data,1339,538.93,0,,,,,0,76.0
new_data,1340,539.03,0,,,,,0,46.0
new_data,1341,539.13,0,,,,,0,48.0
new_data,1342,539.23,0,,,,,0,46.0
new_data,1343,539.33,0,,,,,0,46.0
new_data,1344,539.43,0,,,,,0,70.0
new_data,1345,539.53,0,,,,,0,48.0
new_data,1346,539.63,0,,,,,0,46.0
new_data,1347,539.73,0,,,,,0,78.0
new_data,1348,539.83,0,,,,,0,76.0
new_data,1349,539.93,0,,,,,0,74.0
new_data,1350,540.03,0,,,,,0,72.0
new_data,1351,540.13,0,,,,,0,70.0
new_data,1352,540.23,0,,,,,0,70.0
new_data,1353,540.33,0,,,,,0,68.0
new_data,1354,540.43,0,,,,,0,52.0
new_data,1355,540.53,0,,,,,0,66.0
new_data,1356,540.63,0,,,,,0,48.0
new_data,1357,540.73,0,,,,,0,62.0
new_data,1358,540.83,0,,,,,0,60.0
new_data,1359,540.93,0,,,,,0,44.0
new_data,1360,541.04,0,,,,,0,42.0
new_data,1361,541.13,0,,,,,0,40.0
new_data,1362,541.23,0,,,,,0,54.0
new_data,1363,541.33,0,,,,,0,38.0
new_data,1364,541.43,0,,,,,0,48.0
new_data,1365,541.53,0,,,,,0,48.0
new_data,1366,541.63,0,,,,,0,46.0
new_data,1367,541.73,0,,,,,0,46.0
new_data,1368,541.83,0,,,,,0,102.0
new_data,1369,541.93,0,,,,,0,44.0
new_data,1370,542.03,0,,,,,0,40.0
new_data,1371,542.13,0,,,,,0,40.0
new_data,1372,542.23,0,,,,,0,38.0
new_data,1373,542.33,0,,,,,0,36.0
new_data,1374,542.43,0,,,,,0,40.0
new_data,1375,542.53,0,,,,,0,38.0
new_data,1376,542.63,0,,,,,0,102.0
new_data,1377,542.74,0,,,,,0,76.0
new_data,1378,542.83,0,,,,,0,98.0
new_data,1379,542.94,0,,,,,0,96.0
new_data,1380,543.03,0,,,,,0,96.0
new_data,1381,543.13,0,,,,,0,74.0
new_data,1382,543.24,0,,,,,0,94.0
new_data,1383,543.33,0,,,,,0,92.0
new_data,1384,543.43,0,,,,,0,68.0
new_data,1385,543.53,0,,,,,0,88.0
new_data,1386,543.63,0,,,,,0,84.0
new_data,1387,543.73,0,,,,,0,62.0
new_data,1388,543.85,0,,,,,0,60.0
new_data,1389,543.94,0,,,,,0,82.0
new_data,1390,544.03,0,,,,,0,80.0
new_data,1391,544.14,0,,,,,0,78.0
new_data,1392,544.23,0,,,,,0,78.0
new_data,1393,544.33,0,,,,,0,44.0
new_data,1394,544.43,0,,,,,0,58.0
new_data,1395,544.53,0,,,,,0,42.0
new_data,1396,544.64,0,,,,,0,58.0
new_data,1397,544.73,0,,,,,0,44.0
new_data,1398,544.83,0,,,,,0,40.0
new_data,1399,544.93,0,,,,,0,38.0
new_data,1400,545.03,0,,,,,0,40.0
new_data,1401,545.13,0,,,,,0,38.0
new_data,1402,545.23,0,,,,,0,38.0
new_data,1403,545.33,0,,,,,0,38.0
new_data,1404,545.44,0,,,,,0,40.0
new_data,1405,545.53,0,,,,,0,56.0
new_data,1406,545.63,0,,,,,0,64.0
new_data,1407,545.73,0,,,,,0,72.0
new_data,1408,545.83,0,,,,,0,62.0
new_data,1409,545.93,0,,,,,0,50.0
new_data,1410,546.03,0,,,,,0,62.0
new_data,1411,546.13,0,,,,,0,46.0
new_data,1412,546.23,0,,,,,0,44.0
new_data,1413,546.33,0,,,,,0,42.0
new_data,1414,546.43,0,,,,,0,40.0
new_data,1415,546.53,0,,,,,0,38.0
new_data,1416,546.63,0,,,,,0,40.0
new_data,1417,546.73,0,,,,,0,38.0
new_data,1418,546.83,0,,,,,0,48.0
new_data,1419,546.93,0,,,,,0,62.0
new_data,1420,547.03,0,,,,,0,60.0
new_data,1421,547.13,0,,,,,0,44.0
new_data,1422,547.23,0,,,,,0,42.0
new_data,1423,547.33,0,,,,,0,40.0
new_data,1424,547.43,0,,,,,0,40.0
new_data,1425,547.53,0,,,,,0,52.0
new_data,1426,547.63,0,,,,,0,76.0
new_data,1427,547.73,0,,,,,0,48.0
new_data,1428,547.85,0,,,,,0,72.0
new_data,1429,547.93,0,,,,,0,70.0
new_data,1430,548.03,0,,,,,0,68.0
new_data,1431,548.13,0,,,,,0,68.0
new_data,1432,548.23,0,,,,,0,68.0
new_data,1433,548.33,0,,,,,0,40.0
new_data,1434,548.43,0,,,,,0,56.0
new_data,1435,548.53,0,,,,,0,64.0
new_data,1436,548.63,0,,,,,0,60.0
new_data,1437,548.73,0,,,,,0,60.0
new_data,1438,548.83,0,,,,,0,56.0
new_data,1439,548.93,0,,,,,0,50.0
new_data,1440,549.03,0,,,,,0,54.0
new_data,1441,549.13,0,,,,,0,56.0
new_data,1442,549.23,0,,,,,0,44.0
new_data,1443,549.33,0,,,,,0,44.0
new_data,1444,549.43,0,,,,,0,48.0
new_data,1445,549.53,0,,,,,0,40.0
new_data,1446,549.63,0,,,,,0,46.0
new_data,1447,549.74,0,,,,,0,56.0
new_data,1448,549.84,0,,,,,0,48.0
new_data,1449,549.93,0,,,,,0,54.0
new_data,1450,550.03,0,,,,,0,52.0
new_data,1451,550.12,0,,,,,0,48.0
new_data,1452,550.23,0,,,,,0,50.0
new_data,1453,550.33,0,,,,,0,56.0
new_data,1454,550.43,0,,,,,0,52.0
new_data,1455,550.53,0,,,,,0,38.0
new_data,1456,550.64,0,,,,,0,56.0
new_data,1457,550.73,0,,,,,0,58.0
new_data,1458,550.83,0,,,,,0,44.0
new_data,1459,550.93,0,,,,,0,46.0
new_data,1460,551.04,0,,,,,0,44.0
new_data,1461,551.13,0,,,,,0,56.0
new_data,1462,551.23,0,,,,,0,40.0
new_data,1463,551.33,0,,,,,0,54.0
new_data,1464,551.43,0,,,,,0,50.0
new_data,1465,551.53,0,,,,,0,52.0
new_data,1466,551.63,0,,,,,0,42.0
new_data,1467,551.73,0,,,,,0,48.0
new_data,1468,551.83,0,,,,,0,44.0
new_data,1469,551.93,0,,,,,0,44.0
new_data,1470,552.03,0,,,,,0,42.0
new_data,1471,552.13,0,,,,,0,42.0
new_data,1472,552.23,0,,,,,0,42.0
new_data,1473,552.33,0,,,,,0,38.0
new_data,1474,552.43,0,,,,,0,38.0
new_data,1475,552.53,0,,,,,0,38.0
new_data,1476,552.63,0,,,,,0,40.0
new_data,1477,552.73,0,,,,,0,44.0
new_data,1478,552.83,0,,,,,0,36.0
new_data,1479,552.93,0,,,,,0,38.0
new_data,1480,553.03,0,,,,,0,40.0
new_data,1481,553.13,0,,,,,0,10.0
new_data,1482,553.23,0,,,,,0,38.0
new_data,1483,553.33,0,,,,,0,36.0
new_data,1484,553.43,0,,,,,0,36.0
new_data,1485,553.53,0,,,,,0,34.0
new_data,1486,553.63,1,45.1,0.58,1.94,63,1,36.0
new_data,1487,553.73,0,,,,,0,10.0
new_data,1488,553.83,0,,,,,0,46.0
new_data,1489,553.93,0,,,,,0,42.0
new_data,1490,554.03,0,,,,,0,42.0
new_data,1491,554.14,0,,,,,0,66.0
new_data,1492,554.24,0,,,,,0,38.0
new_data,1493,554.33,0,,,,,0,36.0
new_data,1494,554.43,0,,,,,0,56.0
new_data,1495,554.53,0,,,,,0,48.0
new_data,1496,554.63,0,,,,,0,56.0
new_data,1497,554.73,0,,,,,0,58.0
new_data,1498,554.83,1,56.0,0.06,1.96,58,1,48.0
new_data,1499,554.93,1,54.5,0.68,1.9,41,1,52.0
new_data,1500,555.03,1,53.0,0.88,1.88,30,1,52.0
new_data,1501,555.13,0,,,,,0,44.0
new_data,1502,555.23,0,,,,,0,10.0
new_data,1503,555.33,0,,,,,0,10.0
new_data,1504,555.43,0,,,,,0,44.0
new_data,1505,555.54,0,,,,,0,34.0
new_data,1506,555.63,1,44.0,0.96,1.19,9,1,40.0
new_data,1507,555.74,0,,,,,0,44.0
new_data,1508,555.83,0,,,,,0,36.0
new_data,1509,555.93,0,,,,,0,40.0
new_data,1510,556.03,0,,,,,0,34.0
new_data,1511,556.13,1,65.3,-0.47,1.99,37,1,56.0
new_data,1512,556.23,0,,,,,0,48.0
new_data,1513,556.33,0,,,,,0,50.0
new_data,1514,556.43,0,,,,,0,10.0
new_data,1515,556.54,0,,,,,0,52.0
new_data,1516,556.63,1,57.5,-0.21,1.92,51,1,50.0
new_data,1517,556.73,1,55.9,-0.19,1.94,43,1,48.0
new_data,1518,556.83,1,54.4,-0.06,1.97,51,1,46.0
new_data,1519,556.93,0,,,,,0,10.0
new_data,1520,557.04,0,,,,,0,44.0
new_data,1521,557.13,0,,,,,0,44.0
new_data,1522,557.23,0,,,,,0,52.0
new_data,1523,557.33,1,46.5,0.24,1.97,64,1,36.0
new_data,1524,557.43,1,44.9,0.41,1.95,73,1,36.0
new_data,1525,557.55,0,,,,,0,42.0
new_data,1526,557.64,0,,,,,0,44.0
new_data,1527,557.73,0,,,,,0,52.0
new_data,1528,557.83,0,,,,,0,10.0
new_data,1529,557.93,0,,,,,0,10.0
new_data,1530,558.03,0,,,,,0,10.0
new_data,1531,558.13,0,,,,,0,26.0
new_data,1532,558.23,0,,,,,0,42.0
new_data,1533,558.33,0,,,,,0,36.0
new_data,1534,558.43,0,,,,,0,38.0
new_data,1535,558.53,0,,,,,0,44.0
new_data,1536,558.63,0,,,,,0,34.0
new_data,1537,558.73,0,,,,,0,38.0
new_data,1538,558.83,0,,,,,0,50.0
new_data,1539,558.93,0,,,,,0,48.0
new_data,1540,559.04,0,,,,,0,40.0
new_data,1541,559.13,0,,,,,0,52.0
new_data,1542,559.23,0,,,,,0,48.0
new_data,1543,559.33,0,,,,,0,52.0
new_data,1544,559.43,0,,,,,0,56.0
new_data,1545,559.53,0,,,,,0,36.0
new_data,1546,559.63,0,,,,,0,10.0
new_data,1547,559.73,0,,,,,0,50.0
new_data,1548,559.84,0,,,,,0,50.0
new_data,1549,559.93,0,,,,,0,40.0
new_data,1550,560.03,0,,,,,0,44.0
new_data,1551,560.13,0,,,,,0,44.0
new_data,1552,560.24,0,,,,,0,40.0
new_data,1553,560.33,0,,,,,0,54.0
new_data,1554,560.43,0,,,,,0,38.0
new_data,1555,560.53,0,,,,,0,38.0
new_data,1556,560.63,0,,,,,0,54.0
new_data,1557,560.73,0,,,,,0,70.0
new_data,1558,560.84,0,,,,,0,70.0
new_data,1559,560.94,1,80.1,0.92,1.75,3,1,74.0
new_data,1560,561.03,0,,,,,0,72.0
new_data,1561,561.13,0,,,,,0,64.0
new_data,1562,561.23,0,,,,,0,78.0
new_data,1563,561.33,0,,,,,0,88.0
new_data,1564,561.43,0,,,,,0,60.0
new_data,1565,561.53,0,,,,,0,60.0
new_data,1566,561.63,0,,,,,0,82.0
new_data,1567,561.74,0,,,,,0,98.0
new_data,1568,561.83,0,,,,,0,96.0
new_data,1569,561.93,0,,,,,0,74.0
new_data,1570,562.03,0,,,,,0,104.0
new_data,1571,562.13,0,,,,,0,108.0
new_data,1572,562.24,0,,,,,0,108.0
new_data,1573,562.33,0,,,,,0,50.0
new_data,1574,562.44,0,,,,,0,10.0
new_data,1575,562.53,0,,,,,0,106.0
new_data,1576,562.63,0,,,,,0,46.0
new_data,1577,562.73,0,,,,,0,40.0
new_data,1578,562.83,0,,,,,0,38.0
new_data,1579,562.93,0,,,,,0,42.0
new_data,1580,563.04,0,,,,,0,74.0
new_data,1581,563.13,0,,,,,0,38.0
new_data,1582,563.23,0,,,,,0,38.0
new_data,1583,563.33,0,,,,,0,70.0
new_data,1584,563.43,0,,,,,0,40.0
new_data,1585,563.54,0,,,,,0,66.0
new_data,1586,563.63,0,,,,,0,94.0
new_data,1587,563.73,0,,,,,0,62.0
new_data,1588,563.83,0,,,,,0,106.0
new_data,1589,563.93,0,,,,,0,90.0
new_data,1590,564.03,0,,,,,0,88.0
new_data,1591,564.14,0,,,,,0,110.0
new_data,1592,564.23,0,,,,,0,94.0
new_data,1593,564.34,0,,,,,0,98.0
new_data,1594,564.43,0,,,,,0,104.0
new_data,1595,564.53,0,,,,,0,96.0
new_data,1596,564.63,0,,,,,0,94.0
new_data,1597,564.73,0,,,,,0,76.0
new_data,1598,564.83,0,,,,,0,52.0
new_data,1599,564.93,0,,,,,0,82.0
new_data,1600,674.94,0,,,,,0,34.0
new_data,1601,675.04,0,,,,,0,64.0
new_data,1602,675.14,0,,,,,0,76.0
new_data,1603,675.24,0,,,,,0,72.0
new_data,1604,675.34,0,,,,,0,60.0
new_data,1605,675.44,0,,,,,0,44.0
new_data,1606,675.54,0,,,,,0,40.0
new_data,1607,675.65,1,47.1,-0.16,1.99,299,1,42.0
new_data,1608,675.74,0,,,,,0,68.0
new_data,1609,675.84,0,,,,,0,68.0
new_data,1610,675.95,1,69.1,-0.04,1.91,150,1,66.0
new_data,1611,676.04,1,65.0,-0.02,1.95,153,1,60.0
new_data,1612,676.14,1,66.1,-0.17,1.93,157,1,62.0
new_data,1613,676.24,1,63.6,-0.11,1.92,177,1,60.0
new_data,1614,676.35,1,62.9,-0.13,1.86,181,1,58.0
new_data,1615,676.44,0,,,,,0,32.0
new_data,1616,676.54,1,60.0,-0.14,2.0,206,1,56.0
new_data,1617,676.64,0,,,,,0,40.0
new_data,1618,676.74,1,56.9,-0.14,2.0,221,1,52.0
new_data,1619,676.85,1,54.3,-0.18,2.0,229,1,52.0
new_data,1620,676.94,1,52.1,-0.19,2.0,277,1,48.0
new_data,1621,677.04,1,50.7,-0.09,1.94,241,1,48.0
new_data,1622,677.15,1,49.7,-0.21,2.0,267,1,46.0
new_data,1623,677.24,1,47.6,-0.14,1.99,302,1,44.0
new_data,1624,677.34,1,44.6,-0.14,2.0,311,1,44.0
new_data,1625,677.44,1,44.4,-0.19,2.0,339,1,40.0
new_data,1626,677.54,1,42.9,-0.14,1.99,326,1,40.0
new_data,1627,677.64,1,45.0,-0.83,1.18,38,1,40.0
new_data,1628,677.74,1,41.9,-0.89,1.04,19,1,38.0
new_data,1629,677.84,1,40.6,-0.21,1.99,370,1,36.0
new_data,1630,677.94,1,39.1,-0.85,0.5,11,2,34.0
new_data,1631,678.04,1,42.5,-0.15,2.0,352,1,34.0
new_data,1632,678.15,1,35.5,-0.32,2.0,434,1,32.0
new_data,1633,678.25,1,33.0,-0.31,2.0,462,1,30.0
new_data,1634,678.35,0,,,,,0,58.0
new_data,1635,678.45,0,,,,,0,34.0
new_data,1636,678.55,0,,,,,0,62.0
new_data,1637,678.64,1,63.5,-0.18,1.96,152,1,60.0
new_data,1638,678.74,1,60.8,-0.09,2.0,175,1,56.0
new_data,1639,678.84,1,60.3,-0.13,2.0,177,1,56.0
new_data,1640,678.94,1,61.0,0.02,1.99,183,1,56.0
new_data,1641,679.04,0,,,,,0,52.0
new_data,1642,679.15,1,50.7,-0.14,2.0,248,1,48.0
new_data,1643,679.24,0,,,,,0,18.0
new_data,1644,679.34,0,,,,,0,56.0
new_data,1645,679.44,1,49.8,-0.05,1.94,251,1,48.0
new_data,1646,679.54,1,47.3,-0.17,2.0,324,1,44.0
new_data,1647,679.64,1,45.2,-0.13,2.0,353,1,42.0
new_data,1648,679.74,0,,,,,0,40.0
new_data,1649,679.85,1,42.0,-0.82,0.64,8,2,40.0
new_data,1650,679.94,0,,,,,0,56.0
new_data,1651,680.04,1,42.1,-0.08,1.99,375,1,36.0
new_data,1652,680.14,1,39.5,-0.1,2.0,393,1,36.0
new_data,1653,680.24,0,,,,,0,60.0
new_data,1654,680.34,0,,,,,0,40.0
new_data,1655,680.46,0,,,,,0,38.0
new_data,1656,680.54,1,43.8,-0.02,2.0,306,1,36.0
new_data,1657,680.64,0,,,,,0,36.0
new_data,1658,680.75,1,37.6,-0.88,0.45,10,1,34.0
new_data,1659,680.84,1,37.1,-0.06,1.99,387,1,32.0
new_data,1660,680.94,1,37.5,-0.25,2.0,379,1,34.0
new_data,1661,681.04,1,37.2,-0.24,2.0,408,1,34.0
new_data,1662,681.15,1,37.1,-0.22,1.99,403,1,34.0
new_data,1663,681.24,0,,,,,0,66.0
new_data,1664,681.34,1,36.6,-0.21,2.0,380,1,34.0
new_data,1665,681.44,0,,,,,0,34.0
new_data,1666,681.55,0,,,,,0,64.0
new_data,1667,681.64,0,,,,,0,56.0
new_data,1668,681.74,0,,,,,0,60.0
new_data,1669,681.84,1,61.2,-0.23,2.0,161,1,56.0
new_data,1670,681.94,0,,,,,0,18.0
new_data,1671,682.06,0,,,,,0,76.0
new_data,1672,682.15,1,56.2,-0.32,1.9,181,1,52.0
new_data,1673,682.24,1,55.3,-0.88,1.06,19,1,52.0
new_data,1674,682.35,1,50.7,-0.29,1.99,221,1,48.0
new_data,1675,682.44,1,47.6,-0.28,1.99,233,1,48.0
new_data,1676,682.54,1,47.2,-0.28,2.0,253,1,44.0
new_data,1677,682.64,1,47.6,-0.16,2.0,256,1,44.0
new_data,1678,682.74,1,45.3,-0.83,1.31,42,1,44.0
new_data,1679,682.86,1,45.3,-0.93,1.19,18,1,42.0
new_data,1680,682.94,1,46.5,-0.12,2.0,235,1,40.0
new_data,1681,683.04,0,,,,,0,68.0
new_data,1682,683.14,0,,,,,0,60.0
new_data,1683,683.24,0,,,,,0,66.0
new_data,1684,683.34,0,,,,,0,56.0
new_data,1685,683.44,1,58.1,-0.11,2.0,185,1,56.0
new_data,1686,683.54,0,,,,,0,64.0
new_data,1687,683.65,1,62.8,-0.13,1.92,178,1,60.0
new_data,1688,683.74,1,62.2,-0.09,1.93,154,1,60.0
new_data,1689,683.84,1,60.4,-0.27,1.95,187,1,56.0
new_data,1690,683.94,0,,,,,0,46.0
new_data,1691,684.04,1,58.4,-0.21,2.0,143,1,54.0
new_data,1692,684.14,1,56.0,-0.17,2.0,171,1,52.0
new_data,1693,684.24,0,,,,,0,40.0
new_data,1694,684.34,0,,,,,0,48.0
new_data,1695,684.45,1,50.1,-0.19,1.99,258,1,44.0
new_data,1696,684.54,0,,,,,0,42.0
new_data,1697,684.64,1,48.3,0.05,1.94,256,1,44.0
new_data,1698,684.74,1,43.8,-0.09,2.0,281,1,40.0
new_data,1699,684.84,1,44.4,-0.09,2.0,289,1,38.0
new_data,1700,684.95,1,40.4,-0.02,1.99,310,1,36.0
new_data,1701,685.05,1,43.1,-0.1,2.0,315,1,36.0
new_data,1702,685.15,0,,,,,0,34.0
new_data,1703,685.24,0,,,,,0,34.0
new_data,1704,685.34,1,38.1,-0.92,0.72,9,2,34.0
new_data,1705,685.44,1,36.5,-0.78,0.36,11,2,34.0
new_data,1706,685.55,0,,,,,0,92.0
new_data,1707,685.64,0,,,,,0,128.0
new_data,1708,685.74,1,41.6,-0.69,0.25,8,1,36.0
new_data,1709,685.84,0,,,,,0,130.0
new_data,1710,685.94,0,,,,,0,36.0
new_data,1711,686.04,0,,,,,0,156.0
new_data,1712,686.14,0,,,,,0,106.0
new_data,1713,686.24,0,,,,,0,36.0
new_data,1714,686.34,0,,,,,0,106.0
new_data,1715,686.44,0,,,,,0,36.0
new_data,1716,686.54,0,,,,,0,74.0
new_data,1717,686.64,0,,,,,0,138.0
new_data,1718,686.74,0,,,,,0,98.0
new_data,1719,686.84,0,,,,,0,90.0
new_data,1720,686.94,0,,,,,0,90.0
new_data,1721,687.04,0,,,,,0,42.0
new_data,1722,687.15,0,,,,,0,126.0
new_data,1723,687.24,0,,,,,0,40.0
new_data,1724,687.34,0,,,,,0,36.0
new_data,1725,687.44,0,,,,,0,96.0
new_data,1726,687.54,0,,,,,0,104.0
new_data,1727,687.65,0,,,,,0,102.0
new_data,1728,687.74,1,109.3,-0.52,1.65,5,1,102.0
new_data,1729,687.84,1,107.5,-0.85,1.03,6,1,100.0
new_data,1730,687.94,0,,,,,0,44.0
new_data,1731,688.04,0,,,,,0,122.0
new_data,1732,688.14,0,,,,,0,38.0
new_data,1733,688.24,0,,,,,0,48.0
new_data,1734,688.34,0,,,,,0,108.0
new_data,1735,688.45,0,,,,,0,76.0
new_data,1736,688.54,0,,,,,0,46.0
new_data,1737,688.64,0,,,,,0,112.0
new_data,1738,688.74,0,,,,,0,40.0
new_data,1739,688.85,0,,,,,0,110.0
new_data,1740,688.94,0,,,,,0,106.0
new_data,1741,689.04,0,,,,,0,78.0
new_data,1742,689.14,0,,,,,0,104.0
new_data,1743,689.26,0,,,,,0,106.0
new_data,1744,689.34,0,,,,,0,104.0
new_data,1745,689.44,0,,,,,0,40.0
new_data,1746,689.54,0,,,,,0,40.0
new_data,1747,689.64,0,,,,,0,100.0
new_data,1748,689.74,0,,,,,0,100.0
new_data,1749,689.84,0,,,,,0,90.0
new_data,1750,689.94,0,,,,,0,96.0
new_data,1751,690.06,0,,,,,0,60.0
new_data,1752,690.15,0,,,,,0,94.0
new_data,1753,690.24,0,,,,,0,68.0
new_data,1754,690.35,0,,,,,0,90.0
new_data,1755,690.44,0,,,,,0,64.0
new_data,1756,690.54,0,,,,,0,84.0
new_data,1757,690.64,0,,,,,0,86.0
new_data,1758,690.74,0,,,,,0,82.0
new_data,1759,690.84,0,,,,,0,80.0
new_data,1760,690.94,0,,,,,0,52.0
new_data,1761,691.04,0,,,,,0,78.0
new_data,1762,691.15,0,,,,,0,76.0
new_data,1763,691.24,0,,,,,0,72.0
new_data,1764,691.34,0,,,,,0,72.0
new_data,1765,691.45,0,,,,,0,70.0
new_data,1766,691.54,0,,,,,0,38.0
new_data,1767,691.64,0,,,,,0,40.0
new_data,1768,691.74,0,,,,,0,42.0
new_data,1769,691.84,0,,,,,0,40.0
new_data,1770,691.94,0,,,,,0,62.0
new_data,1771,692.04,0,,,,,0,40.0
new_data,1772,692.14,0,,,,,0,58.0
new_data,1773,692.24,0,,,,,0,56.0
new_data,1774,692.34,0,,,,,0,54.0
new_data,1775,692.45,0,,,,,0,36.0
new_data,1776,692.54,0,,,,,0,92.0
new_data,1777,692.64,0,,,,,0,50.0
new_data,1778,692.74,0,,,,,0,48.0
new_data,1779,692.84,0,,,,,0,44.0
new_data,1780,692.94,0,,,,,0,42.0
new_data,1781,693.04,0,,,,,0,44.0
new_data,1782,693.14,0,,,,,0,40.0
new_data,1783,693.24,0,,,,,0,38.0
new_data,1784,693.34,0,,,,,0,38.0
new_data,1785,693.44,0,,,,,0,38.0
new_data,1786,693.54,0,,,,,0,40.0
new_data,1787,693.64,0,,,,,0,40.0
new_data,1788,693.74,0,,,,,0,38.0
new_data,1789,693.84,0,,,,,0,38.0
new_data,1790,693.95,0,,,,,0,82.0
new_data,1791,694.04,0,,,,,0,90.0
new_data,1792,694.14,0,,,,,0,90.0
new_data,1793,694.24,0,,,,,0,66.0
new_data,1794,694.34,0,,,,,0,66.0
new_data,1795,694.45,0,,,,,0,66.0
new_data,1796,694.55,0,,,,,0,64.0
new_data,1797,694.64,0,,,,,0,60.0
new_data,1798,694.74,0,,,,,0,62.0
new_data,1799,694.84,0,,,,,0,56.0
new_data,1800,694.94,0,,,,,0,56.0
new_data,1801,695.04,0,,,,,0,76.0
new_data,1802,695.14,0,,,,,0,94.0
new_data,1803,695.24,0,,,,,0,96.0
new_data,1804,695.35,0,,,,,0,94.0
new_data,1805,695.44,0,,,,,0,38.0
new_data,1806,695.54,0,,,,,0,36.0
new_data,1807,695.65,0,,,,,0,44.0
new_data,1808,695.74,0,,,,,0,114.0
new_data,1809,695.84,0,,,,,0,80.0
new_data,1810,695.94,0,,,,,0,110.0
new_data,1811,696.04,0,,,,,0,102.0
new_data,1812,696.14,0,,,,,0,94.0
new_data,1813,696.24,0,,,,,0,90.0
new_data,1814,696.34,0,,,,,0,70.0
new_data,1815,696.45,0,,,,,0,92.0
new_data,1816,696.55,0,,,,,0,94.0
new_data,1817,696.64,0,,,,,0,90.0
new_data,1818,696.74,0,,,,,0,88.0
new_data,1819,696.84,0,,,,,0,88.0
new_data,1820,696.94,0,,,,,0,78.0
new_data,1821,697.04,0,,,,,0,84.0
new_data,1822,697.14,0,,,,,0,38.0
new_data,1823,697.26,0,,,,,0,38.0
new_data,1824,697.34,0,,,,,0,80.0
new_data,1825,697.44,1,80.9,0.78,1.88,18,1,72.0
new_data,1826,697.54,0,,,,,0,80.0
new_data,1827,697.64,1,77.4,0.72,1.87,17,1,68.0
new_data,1828,697.74,0,,,,,0,86.0
new_data,1829,697.84,0,,,,,0,72.0
new_data,1830,697.94,0,,,,,0,62.0
new_data,1831,698.06,0,,,,,0,52.0
new_data,1832,698.14,0,,,,,0,80.0
new_data,1833,698.24,1,67.2,0.96,1.94,17,1,64.0
new_data,1834,698.34,1,65.5,0.95,1.98,17,1,62.0
new_data,1835,698.44,1,63.7,0.92,1.85,17,1,60.0
new_data,1836,698.54,1,62.1,0.98,1.76,6,1,58.0
new_data,1837,698.64,0,,,,,0,48.0
new_data,1838,698.75,0,,,,,0,60.0
new_data,1839,698.84,0,,,,,0,68.0
new_data,1840,698.94,0,,,,,0,56.0
new_data,1841,699.04,0,,,,,0,62.0
new_data,1842,699.14,0,,,,,0,52.0
new_data,1843,699.24,0,,,,,0,60.0
new_data,1844,699.34,0,,,,,0,56.0
new_data,1845,699.44,0,,,,,0,40.0
new_data,1846,699.55,0,,,,,0,54.0
new_data,1847,699.64,0,,,,,0,46.0
new_data,1848,699.74,0,,,,,0,52.0
new_data,1849,699.85,0,,,,,0,48.0
new_data,1850,699.94,0,,,,,0,46.0
new_data,1851,700.04,0,,,,,0,44.0
new_data,1852,700.14,0,,,,,0,44.0
new_data,1853,700.24,0,,,,,0,60.0
new_data,1854,700.34,0,,,,,0,40.0
new_data,1855,700.44,0,,,,,0,56.0
new_data,1856,700.54,0,,,,,0,38.0
new_data,1857,700.64,0,,,,,0,38.0
new_data,1858,700.74,0,,,,,0,38.0
new_data,1859,700.84,0,,,,,0,38.0
new_data,1860,700.94,0,,,,,0,36.0
new_data,1861,701.04,0,,,,,0,58.0
new_data,1862,701.14,0,,,,,0,52.0
new_data,1863,701.24,0,,,,,0,62.0
new_data,1864,701.34,0,,,,,0,52.0
new_data,1865,701.44,0,,,,,0,46.0
new_data,1866,701.54,0,,,,,0,54.0
new_data,1867,701.64,0,,,,,0,54.0
new_data,1868,701.74,0,,,,,0,72.0
new_data,1869,701.84,1,64.2,0.56,1.94,28,1,54.0
new_data,1870,701.94,1,62.4,0.74,1.97,26,1,54.0
new_data,1871,702.04,0,,,,,0,72.0
new_data,1872,702.14,0,,,,,0,62.0
new_data,1873,702.24,0,,,,,0,70.0
new_data,1874,702.34,0,,,,,0,10.0
new_data,1875,702.45,0,,,,,0,64.0
new_data,1876,702.54,0,,,,,0,66.0
new_data,1877,702.64,0,,,,,0,56.0
new_data,1878,702.74,0,,,,,0,56.0
new_data,1879,702.84,0,,,,,0,60.0
new_data,1880,702.94,0,,,,,0,58.0
new_data,1881,703.05,0,,,,,0,50.0
new_data,1882,703.14,0,,,,,0,56.0
new_data,1883,703.25,0,,,,,0,52.0
new_data,1884,703.34,0,,,,,0,50.0
new_data,1885,703.44,0,,,,,0,52.0
new_data,1886,703.55,0,,,,,0,48.0
new_data,1887,703.65,0,,,,,0,52.0
new_data,1888,703.74,0,,,,,0,48.0
new_data,1889,703.84,0,,,,,0,44.0
new_data,1890,703.95,0,,,,,0,40.0
new_data,1891,704.05,0,,,,,0,42.0
new_data,1892,704.14,0,,,,,0,56.0
new_data,1893,704.24,0,,,,,0,52.0
new_data,1894,704.35,0,,,,,0,52.0
new_data,1895,704.45,0,,,,,0,48.0
new_data,1896,704.55,0,,,,,0,50.0
new_data,1897,704.64,0,,,,,0,44.0
new_data,1898,704.74,0,,,,,0,46.0
new_data,1899,704.84,0,,,,,0,44.0
new_data,1900,704.94,0,,,,,0,42.0
new_data,1901,705.04,0,,,,,0,38.0
new_data,1902,705.15,0,,,,,0,38.0
new_data,1903,705.25,0,,,,,0,52.0
new_data,1904,705.35,0,,,,,0,44.0
new_data,1905,705.45,0,,,,,0,56.0
new_data,1906,705.55,0,,,,,0,48.0
new_data,1907,705.65,0,,,,,0,52.0
new_data,1908,705.75,0,,,,,0,56.0
new_data,1909,705.84,0,,,,,0,50.0
new_data,1910,705.94,0,,,,,0,42.0
new_data,1911,706.04,0,,,,,0,48.0
new_data,1912,706.14,0,,,,,0,58.0
new_data,1913,706.24,0,,,,,0,44.0
new_data,1914,706.34,0,,,,,0,10.0
new_data,1915,706.44,0,,,,,0,40.0
new_data,1916,706.54,0,,,,,0,54.0
new_data,1917,706.64,0,,,,,0,38.0
new_data,1918,706.74,0,,,,,0,48.0
new_data,1919,706.84,0,,,,,0,52.0
new_data,1920,706.95,0,,,,,0,72.0
new_data,1921,707.04,0,,,,,0,80.0
new_data,1922,707.15,0,,,,,0,74.0
new_data,1923,707.24,0,,,,,0,66.0
new_data,1924,707.34,0,,,,,0,80.0
new_data,1925,707.44,0,,,,,0,62.0
new_data,1926,707.54,0,,,,,0,60.0
new_data,1927,707.65,0,,,,,0,68.0
new_data,1928,707.75,0,,,,,0,58.0
new_data,1929,707.85,0,,,,,0,56.0
new_data,1930,707.95,0,,,,,0,64.0
new_data,1931,708.04,0,,,,,0,54.0
new_data,1932,708.14,0,,,,,0,50.0
new_data,1933,708.24,0,,,,,0,48.0
new_data,1934,708.34,0,,,,,0,66.0
new_data,1935,708.45,0,,,,,0,66.0
new_data,1936,708.54,0,,,,,0,50.0
new_data,1937,708.64,1,64.1,0.61,1.98,34,1,60.0
new_data,1938,708.74,1,62.3,0.83,1.93,27,1,58.0
new_data,1939,708.84,1,60.5,0.72,1.9,27,1,58.0
new_data,1940,708.94,0,,,,,0,38.0
new_data,1941,709.04,0,,,,,0,40.0
new_data,1942,709.14,1,55.2,0.8,1.93,34,1,50.0
new_data,1943,709.24,1,53.4,0.85,1.99,31,1,50.0
new_data,1944,709.34,0,,,,,0,54.0
new_data,1945,709.44,1,49.8,0.93,1.95,26,1,48.0
new_data,1946,709.54,0,,,,,0,54.0
new_data,1947,709.64,0,,,,,0,58.0
new_data,1948,709.74,0,,,,,0,50.0
new_data,1949,709.84,0,,,,,0,58.0
new_data,1950,709.97,0,,,,,0,10.0
new_data,1951,710.04,0,,,,,0,86.0
new_data,1952,710.15,0,,,,,0,58.0
new_data,1953,710.25,0,,,,,0,76.0
new_data,1954,710.34,0,,,,,0,124.0
new_data,1955,710.44,0,,,,,0,54.0
new_data,1956,710.54,0,,,,,0,50.0
new_data,1957,710.64,0,,,,,0,48.0
new_data,1958,710.75,0,,,,,0,104.0
new_data,1959,710.84,0,,,,,0,46.0
new_data,1960,710.95,0,,,,,0,42.0
new_data,1961,711.04,0,,,,,0,42.0
new_data,1962,711.14,0,,,,,0,40.0
new_data,1963,711.24,0,,,,,0,128.0
new_data,1964,711.34,0,,,,,0,40.0
new_data,1965,711.45,0,,,,,0,120.0
new_data,1966,711.54,0,,,,,0,70.0
new_data,1967,711.64,0,,,,,0,110.0
new_data,1968,711.75,0,,,,,0,64.0
new_data,1969,711.85,0,,,,,0,120.0
new_data,1970,711.94,0,,,,,0,68.0
new_data,1971,712.04,1,117.1,0.9,1.46,6,1,112.0
new_data,1972,712.14,1,115.4,0.83,1.29,5,1,110.0
new_data,1973,712.24,0,,,,,0,116.0
new_data,1974,712.34,0,,,,,0,114.0
new_data,1975,712.44,0,,,,,0,112.0
new_data,1976,712.54,0,,,,,0,112.0
new_data,1977,712.64,0,,,,,0,124.0
new_data,1978,712.74,0,,,,,0,86.0
new_data,1979,712.84,0,,,,,0,120.0
new_data,1980,712.94,0,,,,,0,84.0
new_data,1981,713.04,0,,,,,0,72.0
new_data,1982,713.14,0,,,,,0,100.0
new_data,1983,713.24,0,,,,,0,114.0
new_data,1984,713.34,0,,,,,0,112.0
new_data,1985,713.44,0,,,,,0,98.0
new_data,1986,713.54,0,,,,,0,134.0
new_data,1987,713.64,0,,,,,0,106.0
new_data,1988,713.74,0,,,,,0,104.0
new_data,1989,713.85,0,,,,,0,100.0
new_data,1990,713.94,0,,,,,0,98.0
new_data,1991,714.04,0,,,,,0,66.0
new_data,1992,714.14,0,,,,,0,96.0
new_data,1993,714.25,0,,,,,0,118.0
new_data,1994,714.35,0,,,,,0,56.0
new_data,1995,714.44,0,,,,,0,56.0
new_data,1996,714.54,0,,,,,0,38.0
new_data,1997,714.64,0,,,,,0,54.0
new_data,1998,714.75,0,,,,,0,50.0
new_data,1999,714.84,0,,,,,0,110.0
new_data,2000,824.95,0,,,,,0,76.0
new_data,2001,825.06,0,,,,,0,126.0
new_data,2002,825.15,0,,,,,0,126.0
new_data,2003,825.25,0,,,,,0,124.0
new_data,2004,825.35,0,,,,,0,122.0
new_data,2005,825.45,0,,,,,0,120.0
new_data,2006,825.55,0,,,,,0,114.0
new_data,2007,825.65,0,,,,,0,66.0
new_data,2008,825.77,0,,,,,0,92.0
new_data,2009,825.86,0,,,,,0,56.0
new_data,2010,825.95,0,,,,,0,120.0
new_data,2011,826.05,1,61.2,-0.98,0.67,4,1,58.0
new_data,2012,826.15,0,,,,,0,100.0
new_data,2013,826.25,1,56.6,-0.72,1.4,41,1,50.0
new_data,2014,826.35,1,55.0,-0.74,1.48,44,1,46.0
new_data,2015,826.45,1,53.0,-0.78,1.52,47,1,46.0
new_data,2016,826.55,0,,,,,0,116.0
new_data,2017,826.67,0,,,,,0,112.0
new_data,2018,826.76,0,,,,,0,112.0
new_data,2019,826.86,1,128.3,-0.72,0.88,6,1,124.0
new_data,2020,826.95,0,,,,,0,44.0
new_data,2021,827.05,1,124.7,-0.88,1.18,3,1,120.0
new_data,2022,827.15,0,,,,,0,108.0
new_data,2023,827.26,0,,,,,0,120.0
new_data,2024,827.35,0,,,,,0,116.0
new_data,2025,827.47,1,117.3,-0.79,1.05,8,1,108.0
new_data,2026,827.55,0,,,,,0,112.0
new_data,2027,827.65,0,,,,,0,104.0
new_data,2028,827.76,0,,,,,0,108.0
new_data,2029,827.85,0,,,,,0,108.0
new_data,2030,831.26,0,,,,,0,96.0
new_data,2031,831.35,0,,,,,0,98.0
new_data,2032,831.45,0,,,,,0,90.0
new_data,2033,831.55,0,,,,,0,94.0
new_data,2034,831.66,0,,,,,0,90.0
new_data,2035,831.75,0,,,,,0,90.0
new_data,2036,831.85,0,,,,,0,94.0
new_data,2037,831.95,0,,,,,0,104.0
new_data,2038,832.05,0,,,,,0,108.0
new_data,2039,832.15,0,,,,,0,104.0
new_data,2040,832.25,0,,,,,0,104.0
new_data,2041,832.35,0,,,,,0,124.0
new_data,2042,832.45,0,,,,,0,106.0
new_data,2043,832.55,0,,,,,0,104.0
new_data,2044,832.65,0,,,,,0,98.0
new_data,2045,832.75,0,,,,,0,118.0
new_data,2046,832.85,0,,,,,0,116.0
new_data,2047,832.95,0,,,,,0,110.0
new_data,2048,833.05,0,,,,,0,112.0
new_data,2049,833.15,0,,,,,0,108.0
new_data,2050,833.25,0,,,,,0,108.0
new_data,2051,833.35,0,,,,,0,104.0
new_data,2052,833.45,0,,,,,0,104.0
new_data,2053,833.55,0,,,,,0,98.0
new_data,2054,833.65,0,,,,,0,100.0
new_data,2055,833.75,0,,,,,0,106.0
new_data,2056,833.87,0,,,,,0,104.0
new_data,2057,833.95,0,,,,,0,102.0
new_data,2058,834.05,0,,,,,0,94.0
new_data,2059,834.15,0,,,,,0,96.0
new_data,2060,834.25,0,,,,,0,98.0
new_data,2061,834.35,0,,,,,0,96.0
new_data,2062,834.45,0,,,,,0,94.0
new_data,2063,834.55,0,,,,,0,96.0
new_data,2064,834.65,0,,,,,0,102.0
new_data,2065,834.75,0,,,,,0,98.0
new_data,2066,834.86,0,,,,,0,98.0
new_data,2067,834.95,0,,,,,0,102.0
new_data,2068,835.05,0,,,,,0,92.0
new_data,2069,835.15,0,,,,,0,92.0
new_data,2070,835.25,0,,,,,0,90.0
new_data,2071,835.35,0,,,,,0,110.0
new_data,2072,835.46,0,,,,,0,82.0
new_data,2073,835.55,0,,,,,0,120.0
new_data,2074,835.65,0,,,,,0,116.0
new_data,2075,835.75,0,,,,,0,82.0
new_data,2076,835.85,0,,,,,0,110.0
new_data,2077,835.95,0,,,,,0,132.0
new_data,2078,836.05,0,,,,,0,140.0
new_data,2079,836.15,0,,,,,0,146.0
new_data,2080,836.25,0,,,,,0,130.0
new_data,2081,836.35,0,,,,,0,140.0
new_data,2082,836.46,0,,,,,0,142.0
new_data,2083,836.55,0,,,,,0,140.0
new_data,2084,836.65,0,,,,,0,138.0
new_data,2085,836.75,0,,,,,0,138.0
new_data,2086,836.85,0,,,,,0,132.0
new_data,2087,836.95,0,,,,,0,148.0
new_data,2088,837.05,0,,,,,0,146.0
new_data,2089,837.15,0,,,,,0,146.0
new_data,2090,837.25,0,,,,,0,146.0
new_data,2091,837.35,0,,,,,0,144.0
new_data,2092,837.45,0,,,,,0,130.0
new_data,2093,837.55,0,,,,,0,140.0
new_data,2094,837.65,0,,,,,0,120.0
new_data,2095,837.76,0,,,,,0,142.0
new_data,2096,837.85,0,,,,,0,140.0
new_data,2097,837.95,0,,,,,0,134.0
new_data,2098,838.05,0,,,,,0,82.0
new_data,2099,838.16,0,,,,,0,132.0
new_data,2100,838.25,0,,,,,0,128.0
new_data,2101,838.35,0,,,,,0,114.0
new_data,2102,838.45,0,,,,,0,112.0
new_data,2103,838.55,0,,,,,0,128.0
new_data,2104,838.65,1,116.4,0.81,1.77,4,1,108.0
new_data,2105,838.75,1,112.3,0.89,1.71,8,1,106.0
new_data,2106,838.85,1,111.4,0.23,1.92,27,1,104.0
new_data,2107,838.96,0,,,,,0,130.0
new_data,2108,839.05,1,107.5,0.12,2.0,36,1,100.0
new_data,2109,839.15,0,,,,,0,128.0
new_data,2110,839.25,0,,,,,0,64.0
new_data,2111,839.36,0,,,,,0,84.0
new_data,2112,839.45,0,,,,,0,124.0
new_data,2113,839.55,0,,,,,0,126.0
new_data,2114,839.65,0,,,,,0,58.0
new_data,2115,839.75,0,,,,,0,58.0
new_data,2116,839.85,0,,,,,0,86.0
new_data,2117,839.95,0,,,,,0,52.0
new_data,2118,840.05,0,,,,,0,110.0
new_data,2119,840.15,0,,,,,0,114.0
new_data,2120,840.25,0,,,,,0,122.0
new_data,2121,840.36,0,,,,,0,114.0
new_data,2122,840.46,0,,,,,0,104.0
new_data,2123,840.55,0,,,,,0,74.0
new_data,2124,840.66,0,,,,,0,112.0
new_data,2125,840.75,0,,,,,0,70.0
new_data,2126,840.85,0,,,,,0,118.0
new_data,2127,840.95,1,76.1,0.06,1.97,76,1,70.0
new_data,2128,841.05,0,,,,,0,118.0
new_data,2129,841.15,1,75.4,0.1,1.97,77,1,68.0
new_data,2130,841.26,0,,,,,0,116.0
new_data,2131,841.35,0,,,,,0,120.0
new_data,2132,841.45,0,,,,,0,60.0
new_data,2133,841.55,0,,,,,0,120.0
new_data,2134,841.65,0,,,,,0,122.0
new_data,2135,841.76,0,,,,,0,112.0
new_data,2136,841.85,0,,,,,0,118.0
new_data,2137,841.95,0,,,,,0,120.0
new_data,2138,842.06,0,,,,,0,122.0
new_data,2139,842.15,0,,,,,0,120.0
new_data,2140,842.25,0,,,,,0,120.0
new_data,2141,842.35,0,,,,,0,118.0
new_data,2142,842.45,0,,,,,0,120.0
new_data,2143,842.55,0,,,,,0,86.0
new_data,2144,842.65,0,,,,,0,108.0
new_data,2145,842.75,0,,,,,0,88.0
new_data,2146,842.86,0,,,,,0,120.0
new_data,2147,842.95,1,95.4,-0.06,1.96,38,1,88.0
new_data,2148,843.06,1,94.0,0.15,2.0,40,1,86.0
new_data,2149,843.15,0,,,,,0,116.0
new_data,2150,843.25,0,,,,,0,114.0
new_data,2151,843.35,0,,,,,0,66.0
new_data,2152,843.46,0,,,,,0,108.0
new_data,2153,843.55,0,,,,,0,96.0
new_data,2154,843.65,0,,,,,0,114.0
new_data,2155,843.75,1,104.8,-0.03,1.88,33,1,100.0
new_data,2156,843.85,0,,,,,0,100.0
new_data,2157,843.95,1,98.7,0.89,1.93,5,1,90.0
new_data,2158,844.05,1,95.7,0.87,1.82,4,1,88.0
new_data,2159,844.15,1,89.6,0.57,1.81,45,1,84.0
new_data,2160,844.26,1,96.6,-0.02,1.95,33,1,92.0
new_data,2161,844.36,1,95.3,0.55,1.81,14,2,90.0
new_data,2162,845.65,0,,,,,0,120.0
new_data,2163,845.77,0,,,,,0,120.0
new_data,2164,845.85,0,,,,,0,56.0
new_data,2165,845.95,0,,,,,0,112.0
new_data,2166,846.06,0,,,,,0,56.0
new_data,2167,846.15,0,,,,,0,112.0
new_data,2168,846.25,1,59.6,0.05,1.99,134,1,52.0
new_data,2169,846.35,0,,,,,0,88.0
new_data,2170,846.46,1,58.6,0.12,1.98,141,1,52.0
new_data,2171,846.56,0,,,,,0,108.0
new_data,2172,846.65,0,,,,,0,86.0
new_data,2173,846.76,1,87.0,0.4,1.99,60,1,80.0
new_data,2174,846.86,1,85.1,0.94,1.86,7,1,82.0
new_data,2175,846.96,0,,,,,0,120.0
new_data,2176,847.05,1,93.7,0.1,1.82,51,1,88.0
new_data,2177,847.15,1,79.6,0.92,1.76,6,1,76.0
new_data,2178,847.25,0,,,,,0,118.0
new_data,2179,847.35,0,,,,,0,90.0
new_data,2180,847.46,0,,,,,0,80.0
new_data,2181,847.55,0,,,,,0,82.0
new_data,2182,847.65,0,,,,,0,76.0
new_data,2183,847.76,0,,,,,0,64.0
new_data,2184,847.85,0,,,,,0,60.0
new_data,2185,847.96,1,64.2,0.9,1.01,6,2,62.0
new_data,2186,848.06,1,62.4,0.83,1.03,5,2,60.0
new_data,2187,848.15,1,60.5,0.96,1.09,5,2,56.0
new_data,2188,848.25,0,,,,,0,96.0
new_data,2189,848.35,1,64.0,0.82,0.32,3,2,64.0
new_data,2190,848.45,0,,,,,0,90.0
new_data,2191,848.55,1,95.0,0.94,1.71,9,1,92.0
new_data,2192,848.65,1,101.3,0.03,2.0,43,1,96.0
new_data,2193,848.75,0,,,,,0,96.0
new_data,2194,848.85,0,,,,,0,72.0
new_data,2195,848.95,0,,,,,0,80.0
new_data,2196,849.05,0,,,,,0,120.0
new_data,2197,849.15,1,92.6,-0.25,1.96,55,1,88.0
new_data,2198,849.25,1,90.2,-0.31,1.97,67,1,86.0
new_data,2199,849.36,0,,,,,0,84.0
new_data,2200,849.45,0,,,,,0,82.0
new_data,2201,849.55,0,,,,,0,80.0
new_data,2202,849.65,1,79.3,-0.06,1.93,53,1,70.0
new_data,2203,849.75,0,,,,,0,56.0
new_data,2204,849.86,1,79.3,-0.14,1.94,94,1,76.0
new_data,2205,849.95,0,,,,,0,60.0
new_data,2206,850.06,0,,,,,0,88.0
new_data,2207,850.15,1,61.5,0.68,1.99,91,1,58.0
new_data,2208,850.25,1,60.5,0.32,1.99,142,1,56.0
new_data,2209,850.35,0,,,,,0,72.0
new_data,2210,850.45,1,67.3,-0.21,1.88,109,1,58.0
new_data,2211,850.55,1,60.2,0.88,1.88,16,1,52.0
new_data,2212,850.65,0,,,,,0,68.0
new_data,2213,850.75,1,77.2,0.17,1.83,32,1,68.0
new_data,2214,850.85,0,,,,,0,52.0
new_data,2215,850.95,0,,,,,0,80.0
new_data,2216,851.05,1,76.9,0.67,1.89,33,1,68.0
new_data,2217,851.15,1,72.0,0.97,0.41,3,3,68.0
new_data,2218,851.25,1,67.0,0.51,0.29,4,3,64.0
new_data,2219,851.35,1,71.0,0.86,1.85,23,2,66.0
new_data,2220,851.45,1,66.1,0.96,0.54,5,2,62.0
new_data,2221,851.55,0,,,,,0,112.0
new_data,2222,851.65,1,71.7,0.14,2.0,91,1,68.0
new_data,2223,851.75,0,,,,,0,48.0
new_data,2224,851.85,1,73.9,0.02,1.97,93,1,70.0
new_data,2225,851.95,1,75.8,0.24,1.86,73,1,68.0
new_data,2226,852.05,1,75.7,0.16,2.0,74,1,72.0
new_data,2227,852.15,0,,,,,0,40.0
new_data,2228,852.25,1,72.5,0.1,1.94,92,1,68.0
new_data,2229,852.35,1,71.2,0.06,1.89,96,1,66.0
new_data,2230,852.45,1,68.8,0.1,1.91,102,1,62.0
new_data,2231,852.55,0,,,,,0,104.0
new_data,2232,852.65,1,65.1,0.09,1.96,116,1,58.0
new_data,2233,852.75,0,,,,,0,108.0
new_data,2234,852.85,0,,,,,0,106.0
new_data,2235,852.95,0,,,,,0,50.0
new_data,2236,853.05,0,,,,,0,86.0
new_data,2237,853.15,0,,,,,0,36.0
new_data,2238,853.25,0,,,,,0,46.0
new_data,2239,853.35,0,,,,,0,84.0
new_data,2240,853.45,1,88.6,0.92,1.76,10,1,84.0
new_data,2241,853.55,1,85.4,0.6,1.82,25,1,80.0
new_data,2242,853.65,0,,,,,0,108.0
new_data,2243,853.76,0,,,,,0,104.0
new_data,2244,853.85,0,,,,,0,108.0
new_data,2245,853.96,0,,,,,0,84.0
new_data,2246,854.06,0,,,,,0,82.0
new_data,2247,854.16,0,,,,,0,112.0
new_data,2248,854.25,0,,,,,0,112.0
new_data,2249,854.35,1,81.5,0.14,1.91,66,1,76.0
new_data,2250,854.45,0,,,,,0,64.0
new_data,2251,854.55,0,,,,,0,62.0
new_data,2252,854.65,0,,,,,0,120.0
new_data,2253,854.75,1,74.1,0.17,1.97,89,1,68.0
new_data,2254,854.85,0,,,,,0,114.0
new_data,2255,854.96,0,,,,,0,120.0
new_data,2256,855.05,0,,,,,0,122.0
new_data,2257,855.15,0,,,,,0,88.0
new_data,2258,855.25,0,,,,,0,120.0
new_data,2259,855.35,0,,,,,0,120.0
new_data,2260,855.45,0,,,,,0,90.0
new_data,2261,855.55,1,101.9,0.26,1.98,39,1,96.0
new_data,2262,855.66,0,,,,,0,112.0
new_data,2263,855.75,1,104.5,0.09,1.87,29,1,98.0
new_data,2264,855.85,0,,,,,0,112.0
new_data,2265,855.95,1,99.9,0.03,1.98,44,1,96.0
new_data,2266,856.05,0,,,,,0,116.0
new_data,2267,856.15,0,,,,,0,118.0
new_data,2268,856.25,0,,,,,0,120.0
new_data,2269,856.35,0,,,,,0,60.0
new_data,2270,856.45,0,,,,,0,118.0
new_data,2271,856.55,0,,,,,0,120.0
new_data,2272,856.66,0,,,,,0,118.0
new_data,2273,856.75,0,,,,,0,116.0
new_data,2274,856.85,0,,,,,0,120.0
new_data,2275,856.95,0,,,,,0,114.0
new_data,2276,857.05,0,,,,,0,120.0
new_data,2277,857.16,0,,,,,0,110.0
new_data,2278,857.26,0,,,,,0,86.0
new_data,2279,857.36,0,,,,,0,124.0
new_data,2280,857.45,0,,,,,0,88.0
new_data,2281,857.55,0,,,,,0,102.0
new_data,2282,857.66,0,,,,,0,92.0
new_data,2283,857.76,0,,,,,0,114.0
new_data,2284,857.85,0,,,,,0,116.0
new_data,2285,857.95,0,,,,,0,84.0
new_data,2286,858.05,0,,,,,0,72.0
new_data,2287,858.16,0,,,,,0,120.0
new_data,2288,858.26,0,,,,,0,70.0
new_data,2289,858.35,0,,,,,0,120.0
new_data,2290,858.46,0,,,,,0,60.0
new_data,2291,858.55,0,,,,,0,104.0
new_data,2292,858.65,0,,,,,0,124.0
new_data,2293,858.75,0,,,,,0,66.0
new_data,2294,858.85,0,,,,,0,120.0
new_data,2295,858.96,0,,,,,0,116.0
new_data,2296,859.06,0,,,,,0,72.0
new_data,2297,859.15,0,,,,,0,124.0
new_data,2298,859.25,0,,,,,0,70.0
new_data,2299,859.36,1,71.8,0.15,1.97,90,1,66.0
new_data,2300,859.45,0,,,,,0,92.0
new_data,2301,859.55,0,,,,,0,44.0
new_data,2302,859.66,0,,,,,0,124.0
new_data,2303,859.76,0,,,,,0,132.0
new_data,2304,859.85,0,,,,,0,56.0
new_data,2305,859.96,0,,,,,0,98.0
new_data,2306,860.05,0,,,,,0,104.0
new_data,2307,860.16,0,,,,,0,132.0
new_data,2308,860.25,0,,,,,0,50.0
new_data,2309,860.35,0,,,,,0,68.0
new_data,2310,860.45,0,,,,,0,116.0
new_data,2311,860.55,0,,,,,0,68.0
new_data,2312,860.65,0,,,,,0,108.0
new_data,2313,860.76,0,,,,,0,100.0
new_data,2314,860.85,1,122.7,0.29,1.19,6,1,116.0
new_data,2315,860.96,0,,,,,0,106.0
new_data,2316,861.06,0,,,,,0,122.0
new_data,2317,861.15,0,,,,,0,122.0
new_data,2318,861.25,0,,,,,0,108.0
new_data,2319,861.35,0,,,,,0,104.0
new_data,2320,861.45,0,,,,,0,116.0
new_data,2321,861.55,0,,,,,0,116.0
new_data,2322,861.65,0,,,,,0,8.0
new_data,2323,861.77,0,,,,,0,108.0
new_data,2324,861.85,0,,,,,0,104.0
new_data,2325,861.96,0,,,,,0,112.0
new_data,2326,862.05,0,,,,,0,108.0
new_data,2327,862.15,0,,,,,0,120.0
new_data,2328,862.25,0,,,,,0,104.0
new_data,2329,862.36,0,,,,,0,116.0
new_data,2330,862.45,0,,,,,0,112.0
new_data,2331,862.55,0,,,,,0,110.0
new_data,2332,862.66,0,,,,,0,110.0
new_data,2333,862.75,0,,,,,0,108.0
new_data,2334,862.85,0,,,,,0,100.0
new_data,2335,862.95,0,,,,,0,104.0
new_data,2336,863.05,0,,,,,0,102.0
new_data,2337,863.15,0,,,,,0,100.0
new_data,2338,863.25,0,,,,,0,96.0
new_data,2339,863.36,0,,,,,0,90.0
new_data,2340,863.45,0,,,,,0,90.0
new_data,2341,863.55,0,,,,,0,90.0
new_data,2342,863.65,0,,,,,0,88.0
new_data,2343,863.75,0,,,,,0,84.0
new_data,2344,863.85,0,,,,,0,88.0
new_data,2345,863.96,0,,,,,0,116.0
new_data,2346,864.05,0,,,,,0,80.0
new_data,2347,864.15,0,,,,,0,88.0
new_data,2348,864.25,0,,,,,0,76.0
new_data,2349,864.35,0,,,,,0,100.0
new_data,2350,864.45,0,,,,,0,74.0
new_data,2351,864.55,0,,,,,0,106.0
new_data,2352,864.65,0,,,,,0,70.0
new_data,2353,864.75,0,,,,,0,104.0
new_data,2354,864.85,0,,,,,0,66.0
new_data,2355,864.95,0,,,,,0,64.0
new_data,2356,865.05,0,,,,,0,62.0
new_data,2357,865.15,0,,,,,0,98.0
new_data,2358,865.26,0,,,,,0,124.0
new_data,2359,865.36,0,,,,,0,92.0
new_data,2360,865.45,0,,,,,0,96.0
new_data,2361,865.56,0,,,,,0,120.0
new_data,2362,865.65,0,,,,,0,116.0
new_data,2363,865.76,0,,,,,0,114.0
new_data,2364,865.85,0,,,,,0,112.0
new_data,2365,865.95,0,,,,,0,110.0
new_data,2366,866.05,0,,,,,0,110.0
new_data,2367,866.15,0,,,,,0,108.0
new_data,2368,866.25,0,,,,,0,108.0
new_data,2369,866.35,0,,,,,0,108.0
new_data,2370,866.46,0,,,,,0,126.0
new_data,2371,866.56,0,,,,,0,116.0
new_data,2372,866.65,0,,,,,0,100.0
new_data,2373,866.76,0,,,,,0,112.0
new_data,2374,866.86,0,,,,,0,98.0
new_data,2375,866.96,0,,,,,0,108.0
new_data,2376,867.05,0,,,,,0,104.0
new_data,2377,867.15,0,,,,,0,106.0
new_data,2378,867.25,0,,,,,0,104.0
new_data,2379,867.36,0,,,,,0,100.0
new_data,2380,867.45,0,,,,,0,106.0
new_data,2381,867.56,0,,,,,0,114.0
new_data,2382,867.66,0,,,,,0,114.0
new_data,2383,867.76,0,,,,,0,102.0
new_data,2384,867.85,0,,,,,0,98.0
new_data,2385,867.96,0,,,,,0,106.0
new_data,2386,868.06,0,,,,,0,88.0
new_data,2387,868.15,0,,,,,0,104.0
new_data,2388,868.26,0,,,,,0,102.0
new_data,2389,868.35,0,,,,,0,100.0
new_data,2390,868.45,0,,,,,0,112.0
new_data,2391,868.56,0,,,,,0,94.0
new_data,2392,868.65,0,,,,,0,92.0
new_data,2393,868.75,0,,,,,0,92.0
new_data,2394,868.86,0,,,,,0,116.0
new_data,2395,868.96,0,,,,,0,108.0
new_data,2396,869.05,0,,,,,0,98.0
new_data,2397,869.17,0,,,,,0,84.0
new_data,2398,869.25,0,,,,,0,94.0
new_data,2399,869.35,0,,,,,0,100.0
new_data,2400,974.96,0,,,,,0,46.0
new_data,2401,975.06,0,,,,,0,42.0
new_data,2402,975.16,0,,,,,0,60.0
new_data,2403,975.26,0,,,,,0,42.0
new_data,2404,975.36,0,,,,,0,42.0
new_data,2405,975.47,0,,,,,0,40.0
new_data,2406,975.56,0,,,,,0,40.0
new_data,2407,975.66,0,,,,,0,40.0
new_data,2408,975.76,0,,,,,0,40.0
new_data,2409,975.86,0,,,,,0,56.0
new_data,2410,975.97,0,,,,,0,56.0
new_data,2411,976.06,0,,,,,0,40.0
new_data,2412,976.16,0,,,,,0,38.0
new_data,2413,976.26,0,,,,,0,38.0
new_data,2414,976.37,0,,,,,0,36.0
new_data,2415,976.46,0,,,,,0,36.0
new_data,2416,976.56,0,,,,,0,52.0
new_data,2417,976.66,0,,,,,0,50.0
new_data,2418,976.76,0,,,,,0,50.0
new_data,2419,976.86,0,,,,,0,50.0
new_data,2420,976.96,0,,,,,0,38.0
new_data,2421,977.07,0,,,,,0,38.0
new_data,2422,977.16,0,,,,,0,52.0
new_data,2423,977.26,0,,,,,0,48.0
new_data,2424,977.36,0,,,,,0,50.0
new_data,2425,977.47,0,,,,,0,50.0
new_data,2426,977.56,0,,,,,0,44.0
new_data,2427,977.67,0,,,,,0,50.0
new_data,2428,977.76,0,,,,,0,50.0
new_data,2429,977.86,0,,,,,0,44.0
new_data,2430,977.96,0,,,,,0,50.0
new_data,2431,978.06,0,,,,,0,42.0
new_data,2432,978.16,0,,,,,0,48.0
new_data,2433,978.27,0,,,,,0,40.0
new_data,2434,978.37,0,,,,,0,48.0
new_data,2435,978.46,0,,,,,0,42.0
new_data,2436,978.56,0,,,,,0,48.0
new_data,2437,978.66,0,,,,,0,46.0
new_data,2438,978.76,0,,,,,0,40.0
new_data,2439,978.88,0,,,,,0,44.0
new_data,2440,978.96,0,,,,,0,46.0
new_data,2441,979.08,0,,,,,0,42.0
new_data,2442,979.17,0,,,,,0,40.0
new_data,2443,979.26,0,,,,,0,42.0
new_data,2444,979.36,0,,,,,0,38.0
new_data,2445,979.47,0,,,,,0,40.0
new_data,2446,979.57,0,,,,,0,38.0
new_data,2447,980.77,0,,,,,0,38.0
new_data,2448,980.86,0,,,,,0,38.0
new_data,2449,980.96,0,,,,,0,38.0
new_data,2450,981.06,0,,,,,0,38.0
new_data,2451,981.16,0,,,,,0,38.0
new_data,2452,981.26,0,,,,,0,38.0
new_data,2453,981.36,0,,,,,0,38.0
new_data,2454,981.46,0,,,,,0,40.0
new_data,2455,981.56,0,,,,,0,40.0
new_data,2456,981.66,0,,,,,0,38.0
new_data,2457,981.76,0,,,,,0,40.0
new_data,2458,981.87,0,,,,,0,40.0
new_data,2459,981.97,0,,,,,0,40.0
new_data,2460,982.06,0,,,,,0,40.0
new_data,2461,982.17,0,,,,,0,38.0
new_data,2462,982.26,0,,,,,0,38.0
new_data,2463,982.36,0,,,,,0,38.0
new_data,2464,982.46,0,,,,,0,40.0
new_data,2465,982.56,0,,,,,0,38.0
new_data,2466,982.66,0,,,,,0,38.0
new_data,2467,982.76,0,,,,,0,36.0
new_data,2468,982.86,1,45.0,-0.0,0.2,12,1,38.0
new_data,2469,982.96,0,,,,,0,40.0
new_data,2470,983.06,0,,,,,0,36.0
new_data,2471,983.17,1,45.0,-0.05,0.25,22,1,40.0
new_data,2472,983.26,1,44.2,0.11,0.18,16,1,40.0
new_data,2473,983.36,0,,,,,0,40.0
new_data,2474,983.47,0,,,,,0,38.0
new_data,2475,983.56,0,,,,,0,36.0
new_data,2476,983.66,0,,,,,0,40.0
new_data,2477,983.77,0,,,,,0,38.0
new_data,2478,983.86,0,,,,,0,40.0
new_data,2479,983.96,0,,,,,0,38.0
new_data,2480,984.06,0,,,,,0,36.0
new_data,2481,984.16,1,44.7,0.03,0.16,14,1,40.0
new_data,2482,984.27,1,44.6,0.11,0.26,26,1,38.0
new_data,2483,984.36,1,44.2,-0.03,0.25,29,1,36.0
new_data,2484,984.46,0,,,,,0,40.0
new_data,2485,984.56,0,,,,,0,38.0
new_data,2486,984.66,0,,,,,0,38.0
new_data,2487,984.77,0,,,,,0,40.0
new_data,2488,984.86,0,,,,,0,38.0
new_data,2489,984.96,0,,,,,0,38.0
new_data,2490,985.06,1,43.9,-0.13,0.25,29,1,38.0
new_data,2491,985.17,1,44.3,-0.01,0.26,33,1,38.0
new_data,2492,985.26,0,,,,,0,38.0
new_data,2493,985.36,1,44.2,0.07,0.27,33,1,38.0
new_data,2494,985.46,1,44.3,-0.24,0.26,32,1,38.0
new_data,2495,985.56,0,,,,,0,38.0
new_data,2496,985.66,1,44.6,-0.15,0.26,28,1,38.0
new_data,2497,985.76,1,44.2,0.05,0.26,33,1,38.0
new_data,2498,985.86,0,,,,,0,38.0
new_data,2499,985.96,1,44.6,0.0,0.27,24,1,38.0
new_data,2500,986.06,1,44.2,0.06,0.18,12,1,38.0
new_data,2501,986.16,1,44.6,0.05,0.25,21,1,38.0
new_data,2502,986.26,1,44.6,-0.08,0.26,25,1,38.0
new_data,2503,986.38,1,44.2,-0.07,0.23,12,1,38.0
new_data,2504,986.46,1,44.5,0.17,0.25,25,2,38.0
new_data,2505,986.56,0,,,,,0,38.0
new_data,2506,986.67,1,44.7,-0.05,0.22,7,1,38.0
new_data,2507,986.76,1,44.3,0.04,0.25,26,2,40.0
new_data,2508,986.86,0,,,,,0,38.0
new_data,2509,986.96,1,44.5,0.01,0.26,28,1,38.0
new_data,2510,987.08,1,44.6,0.09,0.24,26,1,38.0
new_data,2511,987.16,1,44.6,-0.03,0.25,24,1,38.0
new_data,2512,987.26,1,44.6,0.04,0.26,27,1,38.0
new_data,2513,987.37,1,44.4,-0.06,0.24,9,1,38.0
new_data,2514,987.47,1,44.4,0.1,0.26,28,2,38.0
new_data,2515,987.56,1,44.6,-0.06,0.26,26,2,38.0
new_data,2516,987.66,1,44.4,0.14,0.26,29,1,38.0
new_data,2517,987.76,1,44.6,0.34,0.25,22,2,44.0
new_data,2518,987.86,1,44.6,0.05,0.25,25,1,38.0
new_data,2519,987.96,1,44.6,0.01,0.26,24,1,38.0
new_data,2520,988.06,1,44.6,0.12,0.25,27,2,40.0
new_data,2521,988.17,1,44.6,-0.01,0.26,27,1,38.0
new_data,2522,988.26,1,44.6,0.03,0.26,24,1,38.0
new_data,2523,988.36,1,44.6,0.06,0.25,29,1,38.0
new_data,2524,988.46,1,44.5,0.1,0.26,28,1,38.0
new_data,2525,988.56,1,44.6,0.03,0.26,27,1,38.0
new_data,2526,988.66,1,44.6,0.03,0.27,27,1,38.0
new_data,2527,988.76,1,44.5,0.13,0.26,29,1,36.0
new_data,2528,988.87,1,44.5,0.13,0.26,27,1,38.0
new_data,2529,988.96,1,44.6,-0.02,0.26,25,1,38.0
new_data,2530,989.07,1,44.4,0.15,0.26,29,1,38.0
new_data,2531,989.16,1,44.6,0.12,0.25,26,1,38.0
new_data,2532,989.26,1,44.6,0.05,0.26,25,1,38.0
new_data,2533,989.36,1,44.5,0.17,0.26,27,2,38.0
new_data,2534,989.46,1,44.5,0.13,0.26,27,1,38.0
new_data,2535,989.58,1,44.6,-0.01,0.26,24,1,38.0
new_data,2536,989.67,1,44.6,0.04,0.26,27,1,38.0
new_data,2537,989.77,1,44.5,0.01,0.26,28,1,38.0
new_data,2538,989.87,0,,,,,0,38.0
new_data,2539,989.97,1,44.6,0.05,0.26,25,1,38.0
new_data,2540,990.07,1,44.5,0.09,0.26,28,1,38.0
new_data,2541,990.16,1,44.4,0.23,0.26,27,1,38.0
new_data,2542,990.26,1,44.6,-0.03,0.26,27,1,38.0
new_data,2543,990.37,1,44.5,-0.07,0.27,24,1,38.0
new_data,2544,990.47,1,44.4,0.07,0.26,31,1,38.0
new_data,2545,990.56,1,44.6,0.1,0.26,26,1,38.0
new_data,2546,990.67,1,44.5,0.11,0.26,26,1,38.0
new_data,2547,990.77,1,44.5,0.19,0.26,26,1,38.0
new_data,2548,990.86,1,44.6,0.04,0.26,25,1,38.0
new_data,2549,990.96,1,44.6,-0.06,0.26,22,1,38.0
new_data,2550,991.08,1,44.6,0.02,0.26,26,1,38.0
new_data,2551,991.17,1,44.5,-0.01,0.26,26,1,38.0
new_data,2552,991.27,1,44.6,-0.02,0.26,23,1,38.0
new_data,2553,991.37,1,44.6,0.02,0.26,26,1,38.0
new_data,2554,991.47,0,,,,,0,38.0
new_data,2555,991.56,1,44.6,0.0,0.26,26,1,38.0
new_data,2556,991.67,1,44.6,0.1,0.26,26,1,38.0
new_data,2557,991.76,1,44.5,0.01,0.26,26,1,38.0
new_data,2558,991.89,1,44.5,0.0,0.26,26,1,38.0
new_data,2559,991.96,1,44.6,0.1,0.26,26,1,38.0
new_data,2560,992.06,1,44.6,0.09,0.26,26,1,38.0
new_data,2561,992.17,1,44.6,0.05,0.26,27,1,38.0
new_data,2562,992.27,1,44.6,0.02,0.26,26,1,38.0
new_data,2563,992.37,1,44.5,0.0,0.26,26,1,38.0
new_data,2564,992.47,1,44.5,0.01,0.26,26,1,38.0
new_data,2565,992.56,1,44.5,0.13,0.26,25,1,38.0
new_data,2566,992.69,1,44.5,0.13,0.26,26,1,38.0
new_data,2567,992.77,1,44.6,0.14,0.25,25,1,38.0
new_data,2568,992.87,1,44.6,0.07,0.26,25,1,38.0
new_data,2569,992.97,1,44.6,0.07,0.26,25,2,38.0
new_data,2570,993.07,1,44.6,-0.02,0.26,23,1,38.0
new_data,2571,993.16,1,44.6,-0.05,0.26,26,1,38.0
new_data,2572,993.26,0,,,,,0,38.0
new_data,2573,993.36,1,44.6,0.04,0.26,23,1,38.0
new_data,2574,993.46,1,44.6,0.06,0.26,25,1,38.0
new_data,2575,993.57,1,44.6,-0.04,0.25,26,1,38.0
new_data,2576,993.67,0,,,,,0,38.0
new_data,2577,993.76,1,44.6,0.01,0.26,28,1,38.0
new_data,2578,993.87,1,44.5,0.1,0.26,26,1,38.0
new_data,2579,1000.97,1,44.6,0.03,0.26,25,1,38.0
new_data,2580,1001.07,1,44.6,0.05,0.26,27,1,38.0
new_data,2581,1001.18,1,44.6,0.09,0.27,26,1,38.0
new_data,2582,1001.27,1,44.6,-0.01,0.26,24,1,38.0
new_data,2583,1001.36,1,44.6,-0.03,0.26,23,1,38.0
new_data,2584,1001.48,0,,,,,0,38.0
new_data,2585,1001.57,1,44.6,0.07,0.26,24,1,38.0
new_data,2586,1001.67,1,44.6,0.01,0.26,26,1,38.0
new_data,2587,1001.77,1,44.5,0.05,0.26,25,1,38.0
new_data,2588,1001.87,1,44.6,0.01,0.26,28,1,38.0
new_data,2589,1001.97,1,44.6,0.03,0.26,25,1,38.0
new_data,2590,1002.07,1,44.6,-0.01,0.26,23,1,38.0
new_data,2591,1002.16,1,44.5,0.13,0.26,27,2,38.0
new_data,2592,1002.28,1,44.6,-0.03,0.26,25,1,38.0
new_data,2593,1002.36,1,44.6,0.0,0.27,24,1,38.0
new_data,2594,1002.48,1,44.6,0.06,0.26,26,1,38.0
new_data,2595,1002.57,1,44.6,0.01,0.26,26,1,38.0
new_data,2596,1002.67,1,44.6,0.01,0.26,26,1,38.0
new_data,2597,1002.78,1,44.6,0.05,0.26,25,1,38.0
new_data,2598,1002.87,1,44.5,0.07,0.26,25,1,38.0
new_data,2599,1002.97,1,44.6,-0.08,0.26,26,2,38.0
new_data,2600,1003.07,1,44.6,0.05,0.26,25,1,38.0
new_data,2601,1003.17,1,44.6,0.07,0.26,24,1,38.0
new_data,2602,1003.27,1,44.6,-0.02,0.26,25,1,38.0
new_data,2603,1003.37,0,,,,,0,38.0
new_data,2604,1003.47,1,44.6,0.03,0.26,26,1,38.0
new_data,2605,1003.57,1,44.6,0.07,0.26,24,1,38.0
new_data,2606,1003.67,1,44.6,0.02,0.26,25,1,38.0
new_data,2607,1003.77,1,44.6,0.02,0.26,24,1,38.0
new_data,2608,1003.87,1,44.6,0.02,0.26,28,1,38.0
new_data,2609,1003.97,1,44.6,0.02,0.26,26,1,38.0
new_data,2610,1004.08,1,44.6,0.01,0.26,28,1,38.0
new_data,2611,1004.17,1,44.6,0.03,0.26,26,1,38.0
new_data,2612,1004.27,1,44.6,0.05,0.26,25,1,38.0
new_data,2613,1004.37,1,44.6,0.09,0.25,25,1,38.0
new_data,2614,1004.47,1,44.6,0.07,0.26,25,1,38.0
new_data,2615,1004.57,1,44.6,0.06,0.26,25,1,38.0
new_data,2616,1004.67,1,44.6,-0.01,0.26,25,1,38.0
new_data,2617,1004.76,1,44.6,0.08,0.26,27,1,38.0
new_data,2618,1004.87,1,44.6,0.05,0.27,25,1,38.0
new_data,2619,1004.98,1,44.6,-0.03,0.26,26,1,38.0
new_data,2620,1005.08,0,,,,,0,38.0
new_data,2621,1005.17,0,,,,,0,38.0
new_data,2622,1005.26,0,,,,,0,38.0
new_data,2623,1005.36,0,,,,,0,38.0
new_data,2624,1005.46,0,,,,,0,38.0
new_data,2625,1005.57,0,,,,,0,38.0
new_data,2626,1005.68,0,,,,,0,38.0
new_data,2627,1005.77,0,,,,,0,40.0
new_data,2628,1005.87,0,,,,,0,40.0
new_data,2629,1005.97,0,,,,,0,38.0
new_data,2630,1006.08,0,,,,,0,40.0
new_data,2631,1006.17,0,,,,,0,40.0
new_data,2632,1006.26,0,,,,,0,38.0
new_data,2633,1006.37,0,,,,,0,38.0
new_data,2634,1006.47,0,,,,,0,40.0
new_data,2635,1006.57,0,,,,,0,38.0
new_data,2636,1006.67,0,,,,,0,38.0
new_data,2637,1006.77,0,,,,,0,38.0
new_data,2638,1006.87,0,,,,,0,40.0
new_data,2639,1006.96,0,,,,,0,38.0
new_data,2640,1007.08,0,,,,,0,38.0
new_data,2641,1007.17,0,,,,,0,40.0
new_data,2642,1007.26,0,,,,,0,38.0
new_data,2643,1007.37,0,,,,,0,38.0
new_data,2644,1007.47,0,,,,,0,40.0
new_data,2645,1007.57,0,,,,,0,40.0
new_data,2646,1007.68,0,,,,,0,38.0
new_data,2647,1007.77,0,,,,,0,40.0
new_data,2648,1007.87,0,,,,,0,40.0
new_data,2649,1007.97,0,,,,,0,38.0
new_data,2650,1008.07,0,,,,,0,38.0
new_data,2651,1008.18,0,,,,,0,40.0
new_data,2652,1008.27,0,,,,,0,40.0
new_data,2653,1008.36,0,,,,,0,38.0
new_data,2654,1008.49,0,,,,,0,38.0
new_data,2655,1008.57,0,,,,,0,40.0
new_data,2656,1008.66,0,,,,,0,38.0
new_data,2657,1008.77,0,,,,,0,38.0
new_data,2658,1008.86,0,,,,,0,38.0
new_data,2659,1008.97,0,,,,,0,38.0
new_data,2660,1009.07,0,,,,,0,38.0
new_data,2661,1009.18,0,,,,,0,38.0
new_data,2662,1009.27,0,,,,,0,38.0
new_data,2663,1009.42,0,,,,,0,38.0
new_data,2664,1009.47,0,,,,,0,38.0
new_data,2665,1009.57,0,,,,,0,38.0
new_data,2666,1009.67,0,,,,,0,38.0
new_data,2667,1009.77,0,,,,,0,38.0
new_data,2668,1009.87,0,,,,,0,38.0
new_data,2669,1009.97,0,,,,,0,38.0
new_data,2670,1010.07,0,,,,,0,38.0
new_data,2671,1010.17,0,,,,,0,38.0
new_data,2672,1010.28,0,,,,,0,38.0
new_data,2673,1010.37,0,,,,,0,38.0
new_data,2674,1010.47,0,,,,,0,38.0
new_data,2675,1010.56,0,,,,,0,38.0
new_data,2676,1010.68,0,,,,,0,38.0
new_data,2677,1010.77,0,,,,,0,38.0
new_data,2678,1010.87,0,,,,,0,38.0
new_data,2679,1010.99,0,,,,,0,38.0
new_data,2680,1011.07,0,,,,,0,38.0
new_data,2681,1011.17,0,,,,,0,38.0
new_data,2682,1011.27,0,,,,,0,38.0
new_data,2683,1011.37,0,,,,,0,38.0
new_data,2684,1011.47,0,,,,,0,38.0
new_data,2685,1011.58,0,,,,,0,38.0
new_data,2686,1011.68,0,,,,,0,36.0
new_data,2687,1011.78,0,,,,,0,38.0
new_data,2688,1011.87,0,,,,,0,38.0
new_data,2689,1011.98,0,,,,,0,34.0
new_data,2690,1012.07,0,,,,,0,36.0
new_data,2691,1012.17,0,,,,,0,36.0
new_data,2692,1012.27,0,,,,,0,36.0
new_data,2693,1012.37,0,,,,,0,40.0
new_data,2694,1012.46,0,,,,,0,32.0
new_data,2695,1012.59,0,,,,,0,38.0
new_data,2696,1012.66,0,,,,,0,48.0
new_data,2697,1012.78,0,,,,,0,38.0
new_data,2698,1012.87,0,,,,,0,38.0
new_data,2699,1012.97,0,,,,,0,92.0
new_data,2700,1013.07,0,,,,,0,96.0
new_data,2701,1013.17,0,,,,,0,38.0
new_data,2702,1013.28,0,,,,,0,38.0
new_data,2703,1013.37,0,,,,,0,110.0
new_data,2704,1013.47,0,,,,,0,92.0
new_data,2705,1013.58,0,,,,,0,92.0
new_data,2706,1013.68,0,,,,,0,114.0
new_data,2707,1013.78,0,,,,,0,104.0
new_data,2708,1013.87,0,,,,,0,94.0
new_data,2709,1013.97,0,,,,,0,44.0
new_data,2710,1014.07,0,,,,,0,88.0
new_data,2711,1016.97,0,,,,,0,118.0
new_data,2712,1017.07,0,,,,,0,92.0
new_data,2713,1017.18,0,,,,,0,120.0
new_data,2714,1017.27,0,,,,,0,38.0
new_data,2715,1017.38,0,,,,,0,38.0
new_data,2716,1017.47,0,,,,,0,116.0
new_data,2717,1017.57,0,,,,,0,104.0
new_data,2718,1017.67,0,,,,,0,102.0
new_data,2719,1017.77,0,,,,,0,100.0
new_data,2720,1017.87,0,,,,,0,40.0
new_data,2721,1018.17,0,,,,,0,82.0
new_data,2722,1018.2,0,,,,,0,110.0
new_data,2723,1018.22,0,,,,,0,108.0
new_data,2724,1018.3,0,,,,,0,82.0
new_data,2725,1018.38,0,,,,,0,24.0
new_data,2726,1018.47,0,,,,,0,92.0
new_data,2727,1018.57,0,,,,,0,98.0
new_data,2728,1018.67,0,,,,,0,108.0
new_data,2729,1018.77,0,,,,,0,96.0
new_data,2730,1018.87,0,,,,,0,28.0
new_data,2731,1018.97,0,,,,,0,20.0
new_data,2732,1019.07,0,,,,,0,72.0
new_data,2733,1019.17,0,,,,,0,96.0
new_data,2734,1019.27,0,,,,,0,102.0
new_data,2735,1019.37,0,,,,,0,34.0
new_data,2736,1019.47,0,,,,,0,106.0
new_data,2737,1019.57,0,,,,,0,100.0
new_data,2738,1019.67,0,,,,,0,100.0
new_data,2739,1019.77,0,,,,,0,104.0
new_data,2740,1019.87,0,,,,,0,102.0
new_data,2741,1019.97,0,,,,,0,10.0
new_data,2742,1020.07,0,,,,,0,10.0
new_data,2743,1020.17,0,,,,,0,8.0
new_data,2744,1020.27,0,,,,,0,92.0
new_data,2745,1020.38,0,,,,,0,110.0
new_data,2746,1020.47,0,,,,,0,92.0
new_data,2747,1020.58,0,,,,,0,120.0
new_data,2748,1020.67,0,,,,,0,120.0
new_data,2749,1020.76,0,,,,,0,102.0
new_data,2750,1020.86,0,,,,,0,94.0
new_data,2751,1020.97,0,,,,,0,88.0
new_data,2752,1021.07,0,,,,,0,114.0
new_data,2753,1021.18,0,,,,,0,94.0
new_data,2754,1021.27,0,,,,,0,118.0
new_data,2755,1021.39,0,,,,,0,92.0
new_data,2756,1021.47,0,,,,,0,90.0
new_data,2757,1021.57,0,,,,,0,108.0
new_data,2758,1021.67,0,,,,,0,118.0
new_data,2759,1021.77,0,,,,,0,126.0
new_data,2760,1021.89,0,,,,,0,124.0
new_data,2761,1021.97,0,,,,,0,126.0
new_data,2762,1022.08,0,,,,,0,110.0
new_data,2763,1022.17,0,,,,,0,98.0
new_data,2764,1022.26,0,,,,,0,120.0
new_data,2765,1022.37,0,,,,,0,100.0
new_data,2766,1022.47,0,,,,,0,108.0
new_data,2767,1022.57,0,,,,,0,144.0
new_data,2768,1022.68,0,,,,,0,116.0
new_data,2769,1022.77,0,,,,,0,152.0
new_data,2770,1022.88,0,,,,,0,102.0
new_data,2771,1022.97,0,,,,,0,104.0
new_data,2772,1023.07,0,,,,,0,96.0
new_data,2773,1023.17,0,,,,,0,100.0
new_data,2774,1023.27,0,,,,,0,92.0
new_data,2775,1023.37,0,,,,,0,88.0
new_data,2776,1023.46,0,,,,,0,88.0
new_data,2777,1023.56,0,,,,,0,88.0
new_data,2778,1023.68,0,,,,,0,90.0
new_data,2779,1023.77,0,,,,,0,140.0
new_data,2780,1023.86,0,,,,,0,86.0
new_data,2781,1023.96,0,,,,,0,152.0
new_data,2782,1024.06,0,,,,,0,84.0
new_data,2783,1024.17,0,,,,,0,136.0
new_data,2784,1024.27,0,,,,,0,78.0
new_data,2785,1024.36,0,,,,,0,80.0
new_data,2786,1024.47,0,,,,,0,80.0
new_data,2787,1024.58,0,,,,,0,76.0
new_data,2788,1024.66,0,,,,,0,130.0
new_data,2789,1024.77,0,,,,,0,140.0
new_data,2790,1024.87,0,,,,,0,80.0
new_data,2791,1024.97,0,,,,,0,118.0
new_data,2792,1025.07,0,,,,,0,128.0
new_data,2793,1025.16,0,,,,,0,70.0
new_data,2794,1025.27,0,,,,,0,76.0
new_data,2795,1025.38,0,,,,,0,120.0
new_data,2796,1025.47,0,,,,,0,130.0
new_data,2797,1025.56,0,,,,,0,130.0
new_data,2798,1025.67,0,,,,,0,128.0
new_data,2799,1025.77,0,,,,,0,118.0
new_data,2800,1124.97,0,,,,,0,108.0
new_data,2801,1125.08,0,,,,,0,108.0
new_data,2802,1125.17,0,,,,,0,100.0
new_data,2803,1125.27,0,,,,,0,100.0
new_data,2804,1125.37,0,,,,,0,56.0
new_data,2805,1125.48,0,,,,,0,56.0
new_data,2806,1125.58,0,,,,,0,100.0
new_data,2807,1125.67,0,,,,,0,116.0
new_data,2808,1125.77,0,,,,,0,44.0
new_data,2809,1125.88,0,,,,,0,96.0
new_data,2810,1125.98,0,,,,,0,48.0
new_data,2811,1126.07,0,,,,,0,118.0
new_data,2812,1126.17,0,,,,,0,94.0
new_data,2813,1126.28,0,,,,,0,40.0
new_data,2814,1126.37,0,,,,,0,114.0
new_data,2815,1126.47,0,,,,,0,88.0
new_data,2816,1126.57,0,,,,,0,88.0
new_data,2817,1126.67,0,,,,,0,108.0
new_data,2818,1126.77,0,,,,,0,108.0
new_data,2819,1126.88,0,,,,,0,138.0
new_data,2820,1126.98,0,,,,,0,90.0
new_data,2821,1127.08,0,,,,,0,104.0
new_data,2822,1127.18,0,,,,,0,100.0
new_data,2823,1127.27,0,,,,,0,112.0
new_data,2824,1127.37,0,,,,,0,102.0
new_data,2825,1127.47,0,,,,,0,96.0
new_data,2826,1127.57,0,,,,,0,84.0
new_data,2827,1127.67,0,,,,,0,98.0
new_data,2828,1127.78,0,,,,,0,98.0
new_data,2829,1127.88,0,,,,,0,110.0
new_data,2830,1127.97,0,,,,,0,100.0
new_data,2831,1128.07,0,,,,,0,94.0
new_data,2832,1128.17,0,,,,,0,120.0
new_data,2833,1128.27,0,,,,,0,90.0
new_data,2834,1128.38,0,,,,,0,116.0
new_data,2835,1128.47,0,,,,,0,94.0
new_data,2836,1128.57,0,,,,,0,92.0
new_data,2837,1128.67,0,,,,,0,92.0
new_data,2838,1128.78,0,,,,,0,108.0
new_data,2839,1128.88,0,,,,,0,88.0
new_data,2840,1128.98,0,,,,,0,96.0
new_data,2841,1129.14,0,,,,,0,108.0
new_data,2842,1129.41,0,,,,,0,118.0
new_data,2843,1129.44,0,,,,,0,96.0
new_data,2844,1129.46,0,,,,,0,98.0
new_data,2845,1129.49,0,,,,,0,102.0
new_data,2846,1130.24,0,,,,,0,80.0
new_data,2847,1130.26,0,,,,,0,96.0
new_data,2848,1130.29,0,,,,,0,62.0
new_data,2849,1130.31,0,,,,,0,104.0
new_data,2850,1130.33,0,,,,,0,104.0
new_data,2851,1130.36,0,,,,,0,112.0
new_data,2852,1130.38,0,,,,,0,104.0
new_data,2853,1130.4,0,,,,,0,120.0
new_data,2854,1130.42,0,,,,,0,102.0
new_data,2855,1130.47,0,,,,,0,112.0
new_data,2856,1130.58,0,,,,,0,96.0
new_data,2857,1130.68,0,,,,,0,106.0
new_data,2858,1130.78,0,,,,,0,98.0
new_data,2859,1130.87,0,,,,,0,114.0
new_data,2860,1130.98,0,,,,,0,98.0
new_data,2861,1135.28,0,,,,,0,100.0
new_data,2862,1135.37,0,,,,,0,92.0
new_data,2863,1135.48,0,,,,,0,90.0
new_data,2864,1135.57,0,,,,,0,100.0
new_data,2865,1135.69,0,,,,,0,100.0
new_data,2866,1135.77,0,,,,,0,98.0
new_data,2867,1135.88,0,,,,,0,96.0
new_data,2868,1135.98,0,,,,,0,98.0
new_data,2869,1136.08,0,,,,,0,92.0
new_data,2870,1136.17,0,,,,,0,98.0
new_data,2871,1136.27,0,,,,,0,94.0
new_data,2872,1136.37,0,,,,,0,90.0
new_data,2873,1136.48,0,,,,,0,122.0
new_data,2874,1136.57,0,,,,,0,90.0
new_data,2875,1136.67,0,,,,,0,114.0
new_data,2876,1136.78,0,,,,,0,98.0
new_data,2877,1136.87,0,,,,,0,118.0
new_data,2878,1136.97,0,,,,,0,92.0
new_data,2879,1137.07,0,,,,,0,108.0
new_data,2880,1137.18,0,,,,,0,126.0
new_data,2881,1137.27,0,,,,,0,108.0
new_data,2882,1137.37,0,,,,,0,98.0
new_data,2883,1137.48,0,,,,,0,104.0
new_data,2884,1137.58,0,,,,,0,108.0
new_data,2885,1137.68,0,,,,,0,130.0
new_data,2886,1137.78,0,,,,,0,106.0
new_data,2887,1137.87,0,,,,,0,104.0
new_data,2888,1137.98,0,,,,,0,136.0
new_data,2889,1138.08,0,,,,,0,140.0
new_data,2890,1138.18,0,,,,,0,134.0
new_data,2891,1138.27,0,,,,,0,130.0
new_data,2892,1138.38,0,,,,,0,144.0
new_data,2893,1138.48,0,,,,,0,126.0
new_data,2894,1138.58,0,,,,,0,144.0
new_data,2895,1138.68,0,,,,,0,98.0
new_data,2896,1138.78,0,,,,,0,124.0
new_data,2897,1138.87,0,,,,,0,88.0
new_data,2898,1138.97,0,,,,,0,138.0
new_data,2899,1139.08,0,,,,,0,166.0
new_data,2900,1139.18,0,,,,,0,148.0
new_data,2901,1139.28,0,,,,,0,116.0
new_data,2902,1139.38,0,,,,,0,116.0
new_data,2903,1139.48,0,,,,,0,150.0
new_data,2904,1139.59,0,,,,,0,136.0
new_data,2905,1139.67,0,,,,,0,138.0
new_data,2906,1139.78,0,,,,,0,80.0
new_data,2907,1139.88,0,,,,,0,78.0
new_data,2908,1139.97,0,,,,,0,106.0
new_data,2909,1140.07,1,135.1,-0.81,0.72,3,1,128.0
new_data,2910,1140.18,0,,,,,0,160.0
new_data,2911,1140.28,0,,,,,0,100.0
new_data,2912,1140.38,0,,,,,0,154.0
new_data,2913,1140.47,0,,,,,0,116.0
new_data,2914,1140.58,0,,,,,0,140.0
new_data,2915,1140.68,0,,,,,0,158.0
new_data,2916,1140.78,0,,,,,0,92.0
new_data,2917,1140.88,0,,,,,0,154.0
new_data,2918,1140.98,0,,,,,0,152.0
new_data,2919,1141.08,0,,,,,0,130.0
new_data,2920,1141.18,0,,,,,0,112.0
new_data,2921,1141.27,0,,,,,0,152.0
new_data,2922,1141.37,0,,,,,0,84.0
new_data,2923,1141.48,0,,,,,0,82.0
new_data,2924,1141.58,0,,,,,0,82.0
new_data,2925,1141.68,0,,,,,0,132.0
new_data,2926,1141.77,0,,,,,0,148.0
new_data,2927,1141.88,0,,,,,0,122.0
new_data,2928,1141.98,0,,,,,0,148.0
new_data,2929,1142.07,0,,,,,0,146.0
new_data,2930,1142.18,0,,,,,0,144.0
new_data,2931,1142.28,0,,,,,0,88.0
new_data,2932,1142.38,0,,,,,0,70.0
new_data,2933,1142.47,0,,,,,0,82.0
new_data,2934,1142.58,0,,,,,0,80.0
new_data,2935,1142.68,0,,,,,0,132.0
new_data,2936,1142.77,0,,,,,0,64.0
new_data,2937,1142.88,0,,,,,0,140.0
new_data,2938,1142.97,0,,,,,0,76.0
new_data,2939,1143.07,0,,,,,0,60.0
new_data,2940,1143.18,0,,,,,0,86.0
new_data,2941,1143.28,0,,,,,0,72.0
new_data,2942,1143.37,0,,,,,0,100.0
new_data,2943,1143.47,0,,,,,0,100.0
new_data,2944,1143.57,0,,,,,0,78.0
new_data,2945,1143.67,0,,,,,0,134.0
new_data,2946,1143.77,0,,,,,0,66.0
new_data,2947,1143.88,0,,,,,0,92.0
new_data,2948,1143.98,0,,,,,0,90.0
new_data,2949,1144.08,0,,,,,0,60.0
new_data,2950,1144.17,1,96.4,-0.7,0.78,6,1,88.0
new_data,2951,1144.27,0,,,,,0,68.0
new_data,2952,1144.37,0,,,,,0,126.0
new_data,2953,1144.47,0,,,,,0,82.0
new_data,2954,1144.57,0,,,,,0,52.0
new_data,2955,1144.68,0,,,,,0,132.0
new_data,2956,1144.78,0,,,,,0,118.0
new_data,2957,1144.88,0,,,,,0,78.0
new_data,2958,1144.97,0,,,,,0,76.0
new_data,2959,1145.07,0,,,,,0,56.0
new_data,2960,1145.18,1,78.4,-0.91,1.05,5,1,72.0
new_data,2961,1145.28,0,,,,,0,94.0
new_data,2962,1145.37,1,78.9,-0.86,0.94,9,1,70.0
new_data,2963,1145.48,1,77.4,-0.88,0.96,8,1,70.0
new_data,2964,1145.58,1,75.9,-0.92,0.84,4,1,68.0
new_data,2965,1145.68,1,74.5,-0.76,0.86,13,1,66.0
new_data,2966,1145.77,0,,,,,0,86.0
new_data,2967,1145.87,1,71.6,-0.96,0.8,3,1,64.0
new_data,2968,1145.98,0,,,,,0,134.0
new_data,2969,1146.07,1,68.6,-0.8,1.06,13,1,60.0
new_data,2970,1146.17,0,,,,,0,130.0
new_data,2971,1146.28,1,65.7,-0.85,1.03,14,1,56.0
new_data,2972,1146.38,0,,,,,0,96.0
new_data,2973,1146.48,0,,,,,0,126.0
new_data,2974,1146.57,0,,,,,0,132.0
new_data,2975,1146.67,0,,,,,0,52.0
new_data,2976,1146.77,0,,,,,0,130.0
new_data,2977,1146.87,0,,,,,0,54.0
new_data,2978,1146.98,0,,,,,0,102.0
new_data,2979,1147.08,0,,,,,0,110.0
new_data,2980,1147.17,1,114.7,-0.62,1.75,9,1,108.0
new_data,2981,1147.28,0,,,,,0,64.0
new_data,2982,1147.37,0,,,,,0,126.0
new_data,2983,1147.47,1,112.0,0.05,1.95,18,1,104.0
new_data,2984,1147.57,0,,,,,0,40.0
new_data,2985,1147.68,0,,,,,0,128.0
new_data,2986,1147.77,0,,,,,0,106.0
new_data,2987,1147.87,0,,,,,0,56.0
new_data,2988,1147.98,0,,,,,0,108.0
new_data,2989,1148.08,0,,,,,0,126.0
new_data,2990,1148.17,0,,,,,0,88.0
new_data,2991,1148.27,0,,,,,0,100.0
new_data,2992,1148.38,0,,,,,0,56.0
new_data,2993,1153.07,0,,,,,0,80.0
new_data,2994,1153.17,1,86.2,-0.87,1.36,6,2,80.0
new_data,2995,1153.28,1,80.4,-0.76,0.65,9,2,74.0
new_data,2996,1153.37,1,81.9,-0.86,0.47,5,3,78.0
new_data,2997,1153.47,0,,,,,0,130.0
new_data,2998,1153.58,1,76.2,-0.67,1.88,44,1,68.0
new_data,2999,1153.68,0,,,,,0,120.0
new_data,3000,1153.77,1,73.4,-0.68,0.89,19,1,64.0
new_data,3001,1153.88,1,72.0,-0.8,0.71,12,1,64.0
new_data,3002,1153.98,1,73.4,-0.82,0.54,7,3,68.0
new_data,3003,1154.08,1,69.2,-0.79,0.64,14,1,60.0
new_data,3004,1154.17,0,,,,,0,130.0
new_data,3005,1154.28,1,66.3,-0.68,0.69,14,1,56.0
new_data,3006,1154.38,1,64.9,-0.84,0.77,12,1,58.0
new_data,3007,1154.48,1,63.5,-0.87,0.61,10,2,58.0
new_data,3008,1154.57,1,62.1,-0.89,0.85,11,3,56.0
new_data,3009,1154.68,1,63.6,-0.85,0.47,9,2,58.0
new_data,3010,1154.77,0,,,,,0,130.0
new_data,3011,1154.9,1,64.5,-0.92,0.85,5,1,56.0
new_data,3012,1154.98,0,,,,,0,130.0
new_data,3013,1155.07,0,,,,,0,112.0
new_data,3014,1155.18,0,,,,,0,50.0
new_data,3015,1155.28,0,,,,,0,130.0
new_data,3016,1155.38,0,,,,,0,50.0
new_data,3017,1155.47,0,,,,,0,100.0
new_data,3018,1155.58,0,,,,,0,86.0
new_data,3019,1155.67,0,,,,,0,50.0
new_data,3020,1155.78,0,,,,,0,118.0
new_data,3021,1155.88,0,,,,,0,130.0
new_data,3022,1155.98,0,,,,,0,118.0
new_data,3023,1156.07,0,,,,,0,126.0
new_data,3024,1156.17,0,,,,,0,128.0
new_data,3025,1156.28,0,,,,,0,120.0
new_data,3026,1156.39,0,,,,,0,126.0
new_data,3027,1156.48,0,,,,,0,122.0
new_data,3028,1156.58,0,,,,,0,10.0
new_data,3029,1156.68,0,,,,,0,118.0
new_data,3030,1156.78,0,,,,,0,132.0
new_data,3031,1156.88,0,,,,,0,84.0
new_data,3032,1156.98,0,,,,,0,102.0
new_data,3033,1157.07,0,,,,,0,118.0
new_data,3034,1157.19,0,,,,,0,56.0
new_data,3035,1157.28,0,,,,,0,130.0
new_data,3036,1157.38,0,,,,,0,94.0
new_data,3037,1157.48,0,,,,,0,54.0
new_data,3038,1157.58,0,,,,,0,128.0
new_data,3039,1157.68,0,,,,,0,106.0
new_data,3040,1157.77,0,,,,,0,116.0
new_data,3041,1157.87,0,,,,,0,76.0
new_data,3042,1157.98,0,,,,,0,128.0
new_data,3043,1158.08,0,,,,,0,128.0
new_data,3044,1158.17,0,,,,,0,122.0
new_data,3045,1158.28,0,,,,,0,84.0
new_data,3046,1158.38,0,,,,,0,104.0
new_data,3047,1158.48,0,,,,,0,130.0
new_data,3048,1158.57,0,,,,,0,126.0
new_data,3049,1158.68,0,,,,,0,66.0
new_data,3050,1158.78,0,,,,,0,90.0
new_data,3051,1158.88,0,,,,,0,128.0
new_data,3052,1158.98,0,,,,,0,54.0
new_data,3053,1159.07,0,,,,,0,114.0
new_data,3054,1159.18,0,,,,,0,132.0
new_data,3055,1159.28,0,,,,,0,94.0
new_data,3056,1159.37,0,,,,,0,122.0
new_data,3057,1159.48,0,,,,,0,130.0
new_data,3058,1159.58,0,,,,,0,130.0
new_data,3059,1159.68,0,,,,,0,130.0
new_data,3060,1159.78,0,,,,,0,126.0
new_data,3061,1159.88,0,,,,,0,134.0
new_data,3062,1159.98,0,,,,,0,80.0
new_data,3063,1160.08,0,,,,,0,128.0
new_data,3064,1160.17,0,,,,,0,130.0
new_data,3065,1160.27,0,,,,,0,122.0
new_data,3066,1160.38,0,,,,,0,126.0
new_data,3067,1160.47,0,,,,,0,72.0
new_data,3068,1160.58,0,,,,,0,126.0
new_data,3069,1160.68,0,,,,,0,70.0
new_data,3070,1160.78,1,76.9,-0.31,1.91,68,1,68.0
new_data,3071,1160.88,0,,,,,0,116.0
new_data,3072,1160.97,0,,,,,0,128.0
new_data,3073,1161.07,0,,,,,0,126.0
new_data,3074,1161.2,0,,,,,0,66.0
new_data,3075,1161.28,0,,,,,0,62.0
new_data,3076,1161.38,1,68.1,-0.26,2.0,103,1,62.0
new_data,3077,1161.48,1,67.3,-0.21,2.0,120,1,60.0
new_data,3078,1161.58,1,66.1,-0.93,1.06,6,1,60.0
new_data,3079,1161.68,0,,,,,0,90.0
new_data,3080,1161.78,0,,,,,0,60.0
new_data,3081,1161.88,1,62.0,-0.93,0.9,5,2,56.0
new_data,3082,1161.97,1,60.7,-0.21,2.0,137,1,52.0
new_data,3083,1162.07,1,59.4,-0.96,1.0,5,2,54.0
new_data,3084,1162.18,1,62.0,-0.23,1.94,124,1,52.0
new_data,3085,1162.28,1,63.0,-0.18,2.0,120,1,54.0
new_data,3086,1162.38,1,55.4,-0.98,0.87,6,2,50.0
new_data,3087,1162.48,0,,,,,0,126.0
new_data,3088,1162.58,0,,,,,0,44.0
new_data,3089,1162.68,0,,,,,0,110.0
new_data,3090,1162.79,0,,,,,0,110.0
new_data,3091,1162.87,0,,,,,0,124.0
new_data,3092,1162.98,0,,,,,0,126.0
new_data,3093,1163.08,0,,,,,0,126.0
new_data,3094,1163.18,0,,,,,0,70.0
new_data,3095,1163.28,0,,,,,0,126.0
new_data,3096,1163.38,0,,,,,0,128.0
new_data,3097,1163.48,0,,,,,0,94.0
new_data,3098,1163.57,0,,,,,0,92.0
new_data,3099,1163.68,0,,,,,0,118.0
new_data,3100,1163.78,0,,,,,0,130.0
new_data,3101,1163.88,1,102.8,0.02,1.98,37,1,94.0
new_data,3102,1163.98,0,,,,,0,130.0
new_data,3103,1164.08,0,,,,,0,86.0
new_data,3104,1164.18,0,,,,,0,132.0
new_data,3105,1164.28,0,,,,,0,56.0
new_data,3106,1164.37,0,,,,,0,58.0
new_data,3107,1164.48,0,,,,,0,128.0
new_data,3108,1164.58,0,,,,,0,72.0
new_data,3109,1164.67,0,,,,,0,70.0
new_data,3110,1164.78,1,85.2,-0.84,1.11,13,2,80.0
new_data,3111,1164.88,0,,,,,0,52.0
new_data,3112,1164.97,0,,,,,0,112.0
new_data,3113,1165.07,0,,,,,0,108.0
new_data,3114,1165.18,0,,,,,0,64.0
new_data,3115,1165.28,1,122.0,-0.05,1.37,11,1,114.0
new_data,3116,1165.37,1,121.4,0.27,1.99,9,1,112.0
new_data,3117,1165.48,1,115.4,-0.02,1.82,9,1,106.0
new_data,3118,1165.58,0,,,,,0,128.0
new_data,3119,1165.68,1,110.6,-0.11,1.13,6,1,102.0
new_data,3120,1165.77,0,,,,,0,128.0
new_data,3121,1165.87,0,,,,,0,128.0
new_data,3122,1165.98,0,,,,,0,100.0
new_data,3123,1166.07,0,,,,,0,128.0
new_data,3124,1166.17,0,,,,,0,96.0
new_data,3125,1167.67,0,,,,,0,76.0
new_data,3126,1167.78,0,,,,,0,76.0
new_data,3127,1167.87,1,78.7,-0.96,0.99,6,1,72.0
new_data,3128,1167.97,0,,,,,0,130.0
new_data,3129,1168.08,0,,,,,0,134.0
new_data,3130,1168.18,0,,,,,0,132.0
new_data,3131,1168.28,0,,,,,0,132.0
new_data,3132,1168.38,0,,,,,0,118.0
new_data,3133,1168.48,0,,,,,0,132.0
new_data,3134,1168.58,0,,,,,0,132.0
new_data,3135,1168.68,0,,,,,0,130.0
new_data,3136,1168.78,0,,,,,0,112.0
new_data,3137,1168.88,0,,,,,0,128.0
new_data,3138,1168.97,0,,,,,0,110.0
new_data,3139,1169.08,0,,,,,0,60.0
new_data,3140,1169.17,0,,,,,0,56.0
new_data,3141,1169.28,1,65.9,-0.92,0.95,11,1,58.0
new_data,3142,1169.38,0,,,,,0,114.0
new_data,3143,1169.48,0,,,,,0,52.0
new_data,3144,1169.58,0,,,,,0,74.0
new_data,3145,1169.68,0,,,,,0,70.0
new_data,3146,1169.78,0,,,,,0,50.0
new_data,3147,1169.88,0,,,,,0,132.0
new_data,3148,1169.98,0,,,,,0,128.0
new_data,3149,1170.07,0,,,,,0,66.0
new_data,3150,1170.17,0,,,,,0,130.0
new_data,3151,1170.27,0,,,,,0,122.0
new_data,3152,1170.38,0,,,,,0,132.0
new_data,3153,1170.48,0,,,,,0,62.0
new_data,3154,1170.57,0,,,,,0,100.0
new_data,3155,1170.67,0,,,,,0,132.0
new_data,3156,1170.78,0,,,,,0,96.0
new_data,3157,1170.88,0,,,,,0,134.0
new_data,3158,1170.97,0,,,,,0,132.0
new_data,3159,1171.08,0,,,,,0,128.0
new_data,3160,1171.18,0,,,,,0,130.0
new_data,3161,1171.28,0,,,,,0,130.0
new_data,3162,1171.38,0,,,,,0,128.0
new_data,3163,1171.48,0,,,,,0,96.0
new_data,3164,1171.58,0,,,,,0,82.0
new_data,3165,1171.67,0,,,,,0,132.0
new_data,3166,1171.78,0,,,,,0,106.0
new_data,3167,1171.88,0,,,,,0,122.0
new_data,3168,1171.98,0,,,,,0,82.0
new_data,3169,1172.08,0,,,,,0,128.0
new_data,3170,1172.17,0,,,,,0,132.0
new_data,3171,1172.27,0,,,,,0,126.0
new_data,3172,1172.38,0,,,,,0,128.0
new_data,3173,1172.48,0,,,,,0,78.0
new_data,3174,1172.58,0,,,,,0,70.0
new_data,3175,1172.68,0,,,,,0,112.0
new_data,3176,1172.78,0,,,,,0,74.0
new_data,3177,1172.88,0,,,,,0,132.0
new_data,3178,1172.98,0,,,,,0,124.0
new_data,3179,1173.07,0,,,,,0,130.0
new_data,3180,1173.18,0,,,,,0,134.0
new_data,3181,1173.27,0,,,,,0,132.0
new_data,3182,1173.38,0,,,,,0,60.0
new_data,3183,1173.48,0,,,,,0,64.0
new_data,3184,1173.58,1,71.6,-0.84,0.85,13,2,64.0
new_data,3185,1173.68,0,,,,,0,132.0
new_data,3186,1173.78,1,69.1,-0.82,0.8,15,2,62.0
new_data,3187,1173.88,0,,,,,0,130.0
new_data,3188,1173.98,0,,,,,0,132.0
new_data,3189,1174.08,0,,,,,0,58.0
new_data,3190,1174.18,1,64.4,-0.91,0.92,11,1,56.0
new_data,3191,1174.28,0,,,,,0,132.0
new_data,3192,1174.38,0,,,,,0,62.0
new_data,3193,1174.49,1,60.8,-0.96,1.05,5,1,52.0
new_data,3194,1174.58,0,,,,,0,56.0
new_data,3195,1174.68,0,,,,,0,58.0
new_data,3196,1174.77,0,,,,,0,56.0
new_data,3197,1174.88,1,66.5,-0.29,1.88,112,1,56.0
new_data,3198,1174.98,0,,,,,0,56.0
new_data,3199,1175.08,0,,,,,0,54.0
