bag,frame,t_s,alarm,distance_m,lateral_m,height_m,n_points,n_confirmed,path_range_m
doubleT_obstacle,0,0.0,0,,,,,0,102.0
doubleT_obstacle,1,0.1,0,,,,,0,88.0
doubleT_obstacle,2,0.19,0,,,,,0,86.0
doubleT_obstacle,3,0.28,0,,,,,0,40.0
doubleT_obstacle,4,0.38,0,,,,,0,102.0
doubleT_obstacle,5,0.48,0,,,,,0,40.0
doubleT_obstacle,6,0.58,0,,,,,0,88.0
doubleT_obstacle,7,0.68,0,,,,,0,40.0
doubleT_obstacle,8,0.79,0,,,,,0,122.0
doubleT_obstacle,9,0.89,0,,,,,0,40.0
doubleT_obstacle,10,0.99,1,55.5,0.89,0.56,10,1,88.0
doubleT_obstacle,11,1.09,1,55.6,0.83,1.29,19,1,86.0
doubleT_obstacle,12,1.2,1,55.7,0.84,1.33,19,1,86.0
doubleT_obstacle,13,1.3,1,55.5,0.43,1.36,53,1,48.0
doubleT_obstacle,14,1.4,1,55.5,0.81,1.27,36,1,86.0
doubleT_obstacle,15,1.49,1,55.6,0.73,1.42,50,1,86.0
doubleT_obstacle,16,1.6,1,55.6,0.71,1.44,52,1,122.0
doubleT_obstacle,17,1.69,0,,,,,0,40.0
doubleT_obstacle,18,1.79,1,55.6,0.6,1.47,62,1,122.0
doubleT_obstacle,19,1.89,1,55.6,0.52,1.42,57,1,90.0
doubleT_obstacle,20,1.99,1,55.7,0.46,1.45,59,1,86.0
doubleT_obstacle,21,2.09,0,,,,,0,38.0
doubleT_obstacle,22,2.19,1,55.7,0.36,1.43,59,1,86.0
doubleT_obstacle,23,2.29,0,,,,,0,38.0
doubleT_obstacle,24,2.38,1,55.8,0.24,1.45,65,1,86.0
doubleT_obstacle,25,2.49,0,,,,,0,38.0
doubleT_obstacle,26,2.59,1,55.8,0.14,1.3,66,1,122.0
doubleT_obstacle,27,2.69,0,,,,,0,38.0
doubleT_obstacle,28,2.79,1,55.7,-0.01,1.09,62,1,124.0
doubleT_obstacle,29,2.89,0,,,,,0,38.0
doubleT_obstacle,30,2.98,1,55.7,-0.12,0.94,58,1,86.0
doubleT_obstacle,31,3.09,1,55.7,-0.18,0.91,59,1,138.0
doubleT_obstacle,32,3.19,1,55.7,-0.12,0.85,52,1,90.0
doubleT_obstacle,33,3.28,1,55.7,-0.16,0.82,52,1,122.0
doubleT_obstacle,34,3.39,1,55.7,-0.15,0.87,51,1,88.0
doubleT_obstacle,35,3.49,1,55.7,-0.15,0.83,50,1,88.0
doubleT_obstacle,36,3.6,1,55.7,-0.1,0.88,55,1,86.0
doubleT_obstacle,37,3.69,1,55.7,-0.15,0.95,57,1,86.0
doubleT_obstacle,38,3.8,1,55.7,-0.1,0.99,56,1,88.0
doubleT_obstacle,39,3.89,1,55.7,-0.15,0.96,61,1,102.0
doubleT_obstacle,40,3.98,1,55.7,-0.1,0.99,63,1,88.0
doubleT_obstacle,41,4.08,1,55.7,-0.14,0.94,64,1,86.0
doubleT_obstacle,42,4.19,1,55.7,-0.12,1.0,63,1,88.0
doubleT_obstacle,43,4.29,1,55.7,-0.11,0.95,60,1,102.0
doubleT_obstacle,44,4.39,1,55.7,-0.06,0.99,60,1,88.0
doubleT_obstacle,45,4.48,1,55.7,-0.1,1.09,59,1,122.0
doubleT_obstacle,46,4.58,1,55.7,-0.06,1.23,58,1,90.0
doubleT_obstacle,47,4.68,1,55.8,-0.01,1.21,62,1,122.0
doubleT_obstacle,48,4.78,1,55.8,0.07,1.37,73,1,88.0
doubleT_obstacle,49,4.88,1,55.9,0.14,1.33,68,1,88.0
doubleT_obstacle,50,4.98,1,55.9,0.24,1.36,67,1,104.0
doubleT_obstacle,51,5.08,1,56.0,0.26,1.47,67,1,122.0
doubleT_obstacle,52,5.19,1,56.0,0.38,1.37,60,1,104.0
doubleT_obstacle,53,5.29,1,56.0,0.4,1.48,58,1,90.0
doubleT_obstacle,54,5.38,1,56.1,0.48,1.5,56,1,88.0
doubleT_obstacle,55,5.48,1,56.1,0.48,1.47,59,1,122.0
doubleT_obstacle,56,5.59,1,56.1,0.54,1.51,57,1,124.0
doubleT_obstacle,57,5.69,1,56.2,0.54,1.46,65,1,102.0
doubleT_obstacle,58,5.79,1,56.2,0.2,1.51,68,1,52.0
doubleT_obstacle,59,5.89,1,56.2,0.62,1.46,62,1,102.0
doubleT_obstacle,60,6.0,1,56.2,0.69,1.51,52,1,106.0
doubleT_obstacle,61,6.09,0,,,,,0,38.0
doubleT_obstacle,62,6.19,1,56.3,0.8,1.28,37,1,102.0
doubleT_obstacle,63,6.29,1,56.3,0.85,1.21,26,1,102.0
doubleT_obstacle,64,6.39,1,56.4,0.93,1.13,11,1,88.0
doubleT_obstacle,65,6.48,1,56.5,0.94,1.05,10,1,122.0
doubleT_obstacle,66,6.59,0,,,,,0,88.0
doubleT_obstacle,67,6.69,0,,,,,0,122.0
doubleT_obstacle,68,6.79,0,,,,,0,90.0
doubleT_obstacle,69,6.88,0,,,,,0,122.0
doubleT_obstacle,70,6.99,0,,,,,0,90.0
doubleT_obstacle,71,7.08,0,,,,,0,122.0
doubleT_obstacle,72,7.19,0,,,,,0,90.0
doubleT_obstacle,73,7.28,0,,,,,0,54.0
doubleT_obstacle,74,7.38,0,,,,,0,90.0
doubleT_obstacle,75,7.48,0,,,,,0,86.0
doubleT_obstacle,76,7.59,0,,,,,0,102.0
doubleT_obstacle,77,7.69,0,,,,,0,86.0
doubleT_obstacle,78,7.79,0,,,,,0,102.0
doubleT_obstacle,79,7.89,0,,,,,0,102.0
doubleT_obstacle,80,8.01,0,,,,,0,82.0
doubleT_obstacle,81,8.1,0,,,,,0,86.0
doubleT_obstacle,82,8.2,0,,,,,0,54.0
doubleT_obstacle,83,8.3,0,,,,,0,88.0
doubleT_obstacle,84,8.39,0,,,,,0,90.0
doubleT_obstacle,85,8.48,0,,,,,0,122.0
doubleT_obstacle,86,8.58,0,,,,,0,54.0
doubleT_obstacle,87,8.68,0,,,,,0,86.0
doubleT_obstacle,88,8.78,0,,,,,0,90.0
doubleT_obstacle,89,8.89,0,,,,,0,86.0
doubleT_obstacle,90,8.99,0,,,,,0,92.0
doubleT_obstacle,91,9.09,0,,,,,0,102.0
doubleT_obstacle,92,9.19,0,,,,,0,90.0
doubleT_obstacle,93,9.29,0,,,,,0,122.0
doubleT_obstacle,94,9.39,0,,,,,0,90.0
doubleT_obstacle,95,9.48,0,,,,,0,88.0
doubleT_obstacle,96,9.58,0,,,,,0,90.0
doubleT_obstacle,97,9.68,0,,,,,0,122.0
doubleT_obstacle,98,9.78,0,,,,,0,90.0
doubleT_obstacle,99,9.9,0,,,,,0,90.0
doubleT_obstacle,100,10.0,0,,,,,0,90.0
doubleT_obstacle,101,10.09,0,,,,,0,86.0
doubleT_obstacle,102,10.21,0,,,,,0,90.0
doubleT_obstacle,103,10.29,0,,,,,0,82.0
doubleT_obstacle,104,10.41,0,,,,,0,90.0
doubleT_obstacle,105,10.49,0,,,,,0,122.0
doubleT_obstacle,106,10.59,0,,,,,0,90.0
doubleT_obstacle,107,10.69,0,,,,,0,86.0
doubleT_obstacle,108,10.78,0,,,,,0,90.0
doubleT_obstacle,109,10.88,0,,,,,0,102.0
doubleT_obstacle,110,10.98,0,,,,,0,90.0
doubleT_obstacle,111,11.08,0,,,,,0,82.0
doubleT_obstacle,112,11.18,0,,,,,0,90.0
doubleT_obstacle,113,11.29,0,,,,,0,102.0
doubleT_obstacle,114,11.39,0,,,,,0,90.0
doubleT_obstacle,115,11.48,0,,,,,0,102.0
doubleT_obstacle,116,11.58,0,,,,,0,90.0
doubleT_obstacle,117,11.68,0,,,,,0,102.0
doubleT_obstacle,118,11.78,0,,,,,0,102.0
doubleT_obstacle,119,11.88,0,,,,,0,88.0
doubleT_obstacle,120,11.99,0,,,,,0,90.0
doubleT_obstacle,121,12.08,0,,,,,0,122.0
doubleT_obstacle,122,12.19,0,,,,,0,82.0
doubleT_obstacle,123,12.3,0,,,,,0,110.0
doubleT_obstacle,124,12.41,0,,,,,0,122.0
doubleT_obstacle,125,12.5,0,,,,,0,122.0
doubleT_obstacle,126,12.61,0,,,,,0,122.0
doubleT_obstacle,127,12.7,0,,,,,0,96.0
doubleT_obstacle,128,12.79,0,,,,,0,90.0
doubleT_obstacle,129,12.89,0,,,,,0,102.0
doubleT_obstacle,130,12.99,0,,,,,0,90.0
doubleT_obstacle,131,13.09,0,,,,,0,38.0
doubleT_obstacle,132,13.19,0,,,,,0,90.0
doubleT_obstacle,133,13.28,0,,,,,0,88.0
doubleT_obstacle,134,13.38,0,,,,,0,86.0
doubleT_obstacle,135,13.49,0,,,,,0,92.0
doubleT_obstacle,136,13.59,0,,,,,0,90.0
doubleT_obstacle,137,13.69,0,,,,,0,88.0
doubleT_obstacle,138,13.79,0,,,,,0,102.0
doubleT_obstacle,139,13.99,0,,,,,0,88.0
doubleT_obstacle,140,14.09,0,,,,,0,88.0
doubleT_obstacle,141,14.19,0,,,,,0,38.0
doubleT_obstacle,142,14.28,0,,,,,0,88.0
doubleT_obstacle,143,14.39,0,,,,,0,98.0
doubleT_obstacle,144,14.49,0,,,,,0,88.0
doubleT_obstacle,145,14.61,0,,,,,0,102.0
doubleT_obstacle,146,14.7,0,,,,,0,38.0
doubleT_obstacle,147,14.8,0,,,,,0,102.0
doubleT_obstacle,148,14.89,0,,,,,0,102.0
doubleT_obstacle,149,14.98,0,,,,,0,86.0
doubleT_obstacle,150,15.09,0,,,,,0,88.0
doubleT_obstacle,151,15.18,0,,,,,0,90.0
doubleT_obstacle,152,15.29,0,,,,,0,88.0
doubleT_obstacle,153,15.39,0,,,,,0,90.0
doubleT_obstacle,154,15.49,0,,,,,0,88.0
doubleT_obstacle,155,15.59,0,,,,,0,94.0
doubleT_obstacle,156,15.69,0,,,,,0,102.0
doubleT_obstacle,157,15.79,0,,,,,0,86.0
doubleT_obstacle,158,15.88,0,,,,,0,88.0
doubleT_obstacle,159,15.99,0,,,,,0,90.0
doubleT_obstacle,160,16.09,0,,,,,0,88.0
doubleT_obstacle,161,16.19,0,,,,,0,88.0
doubleT_obstacle,162,16.3,0,,,,,0,88.0
doubleT_obstacle,163,16.39,0,,,,,0,90.0
doubleT_obstacle,164,16.49,0,,,,,0,36.0
doubleT_obstacle,165,16.9,0,,,,,0,88.0
doubleT_obstacle,166,17.0,0,,,,,0,90.0
doubleT_obstacle,167,17.1,0,,,,,0,86.0
doubleT_obstacle,168,17.19,0,,,,,0,90.0
doubleT_obstacle,169,17.29,0,,,,,0,88.0
doubleT_obstacle,170,17.39,0,,,,,0,122.0
doubleT_obstacle,171,17.49,0,,,,,0,54.0
doubleT_obstacle,172,17.59,0,,,,,0,108.0
doubleT_obstacle,173,17.68,0,,,,,0,90.0
doubleT_obstacle,174,17.78,0,,,,,0,38.0
doubleT_obstacle,175,17.88,0,,,,,0,58.0
doubleT_obstacle,176,17.99,0,,,,,0,106.0
doubleT_obstacle,177,18.09,0,,,,,0,90.0
doubleT_obstacle,178,18.19,0,,,,,0,122.0
doubleT_obstacle,179,18.29,0,,,,,0,106.0
doubleT_obstacle,180,18.39,0,,,,,0,86.0
doubleT_obstacle,181,18.5,0,,,,,0,88.0
doubleT_obstacle,182,18.59,0,,,,,0,106.0
doubleT_obstacle,183,18.72,0,,,,,0,94.0
doubleT_obstacle,184,18.79,0,,,,,0,82.0
doubleT_obstacle,185,18.89,0,,,,,0,88.0
doubleT_obstacle,186,18.98,0,,,,,0,82.0
doubleT_obstacle,187,19.09,0,,,,,0,122.0
doubleT_obstacle,188,19.19,0,,,,,0,86.0
doubleT_obstacle,189,19.29,0,,,,,0,88.0
doubleT_obstacle,190,19.38,0,,,,,0,88.0
doubleT_obstacle,191,19.49,0,,,,,0,106.0
doubleT_obstacle,192,19.59,0,,,,,0,88.0
doubleT_obstacle,193,19.69,0,,,,,0,90.0
doubleT_obstacle,194,19.78,0,,,,,0,88.0
doubleT_obstacle,195,19.89,0,,,,,0,86.0
doubleT_obstacle,196,19.98,0,,,,,0,122.0
doubleT_obstacle,197,20.08,0,,,,,0,106.0
doubleT_obstacle,198,20.19,0,,,,,0,38.0
doubleT_obstacle,199,20.29,0,,,,,0,90.0
doubleT_obstacle,200,20.39,0,,,,,0,122.0
doubleT_platform,0,0.0,0,,,,,0,152.0
doubleT_platform,1,0.11,0,,,,,0,38.0
doubleT_platform,2,0.2,0,,,,,0,36.0
doubleT_platform,3,0.29,0,,,,,0,64.0
doubleT_platform,4,0.39,0,,,,,0,44.0
doubleT_platform,5,0.5,0,,,,,0,60.0
doubleT_platform,6,0.6,0,,,,,0,122.0
doubleT_platform,7,0.7,0,,,,,0,124.0
doubleT_platform,8,0.8,0,,,,,0,128.0
doubleT_platform,9,0.91,0,,,,,0,140.0
doubleT_platform,10,1.0,0,,,,,0,116.0
doubleT_platform,11,1.09,0,,,,,0,118.0
doubleT_platform,12,1.19,0,,,,,0,134.0
doubleT_platform,13,1.3,0,,,,,0,134.0
doubleT_platform,14,1.39,0,,,,,0,120.0
doubleT_platform,15,1.49,0,,,,,0,92.0
doubleT_platform,16,1.59,0,,,,,0,158.0
doubleT_platform,17,1.69,0,,,,,0,110.0
doubleT_platform,18,1.79,0,,,,,0,108.0
doubleT_platform,19,1.89,0,,,,,0,108.0
doubleT_platform,20,2.0,0,,,,,0,102.0
doubleT_platform,21,2.09,0,,,,,0,106.0
doubleT_platform,22,2.2,0,,,,,0,150.0
doubleT_platform,23,2.3,0,,,,,0,74.0
doubleT_platform,24,2.39,0,,,,,0,74.0
doubleT_platform,25,2.5,0,,,,,0,96.0
doubleT_platform,26,2.6,0,,,,,0,96.0
doubleT_platform,27,2.69,0,,,,,0,94.0
doubleT_platform,28,2.79,0,,,,,0,58.0
doubleT_platform,29,2.9,0,,,,,0,68.0
doubleT_platform,30,2.99,0,,,,,0,142.0
doubleT_platform,31,3.09,0,,,,,0,90.0
doubleT_platform,32,3.2,0,,,,,0,88.0
doubleT_platform,33,3.3,0,,,,,0,84.0
doubleT_platform,34,3.39,0,,,,,0,132.0
doubleT_platform,35,3.49,0,,,,,0,84.0
doubleT_platform,36,3.59,0,,,,,0,80.0
doubleT_platform,37,3.69,0,,,,,0,88.0
doubleT_platform,38,3.79,0,,,,,0,132.0
doubleT_platform,39,3.89,0,,,,,0,70.0
doubleT_platform,40,3.99,0,,,,,0,74.0
doubleT_platform,41,4.09,0,,,,,0,128.0
doubleT_platform,42,4.2,0,,,,,0,72.0
doubleT_platform,43,4.29,0,,,,,0,124.0
doubleT_platform,44,4.39,0,,,,,0,122.0
doubleT_platform,45,4.49,0,,,,,0,68.0
doubleT_platform,46,4.59,0,,,,,0,66.0
doubleT_platform,47,4.69,0,,,,,0,122.0
doubleT_platform,48,4.79,0,,,,,0,118.0
doubleT_platform,49,4.89,0,,,,,0,120.0
doubleT_platform,50,4.99,0,,,,,0,62.0
doubleT_platform,51,5.1,0,,,,,0,114.0
doubleT_platform,52,5.2,0,,,,,0,114.0
doubleT_platform,53,5.3,0,,,,,0,110.0
doubleT_platform,54,5.4,0,,,,,0,114.0
doubleT_platform,55,5.5,0,,,,,0,112.0
doubleT_platform,56,5.6,0,,,,,0,106.0
doubleT_platform,57,5.69,0,,,,,0,106.0
doubleT_platform,58,5.79,0,,,,,0,106.0
doubleT_platform,59,5.89,0,,,,,0,102.0
doubleT_platform,60,5.99,0,,,,,0,104.0
doubleT_platform,61,6.09,0,,,,,0,100.0
doubleT_platform,62,6.19,0,,,,,0,102.0
doubleT_platform,63,6.29,0,,,,,0,104.0
doubleT_platform,64,6.4,0,,,,,0,98.0
doubleT_platform,65,6.49,0,,,,,0,98.0
doubleT_platform,66,6.6,0,,,,,0,94.0
doubleT_platform,67,6.7,0,,,,,0,94.0
doubleT_platform,68,6.8,0,,,,,0,96.0
doubleT_platform,69,6.89,0,,,,,0,94.0
doubleT_platform,70,6.99,0,,,,,0,86.0
doubleT_platform,71,7.09,0,,,,,0,86.0
doubleT_platform,72,7.19,0,,,,,0,90.0
doubleT_platform,73,7.29,0,,,,,0,86.0
doubleT_platform,74,7.4,0,,,,,0,82.0
doubleT_platform,75,7.49,0,,,,,0,84.0
doubleT_platform,76,7.6,0,,,,,0,84.0
doubleT_platform,77,7.7,0,,,,,0,82.0
doubleT_platform,78,7.8,0,,,,,0,80.0
doubleT_platform,79,7.89,0,,,,,0,82.0
doubleT_platform,80,7.99,0,,,,,0,78.0
doubleT_platform,81,8.09,0,,,,,0,74.0
doubleT_platform,82,8.2,0,,,,,0,72.0
doubleT_platform,83,8.29,0,,,,,0,74.0
doubleT_platform,84,8.39,0,,,,,0,70.0
doubleT_platform,85,8.5,0,,,,,0,70.0
doubleT_platform,86,8.59,0,,,,,0,154.0
doubleT_platform,87,8.69,0,,,,,0,154.0
doubleT_platform,88,8.79,0,,,,,0,68.0
doubleT_platform,89,8.89,0,,,,,0,66.0
doubleT_platform,90,8.99,0,,,,,0,122.0
doubleT_platform,91,9.09,0,,,,,0,64.0
doubleT_platform,92,9.2,0,,,,,0,60.0
doubleT_platform,93,9.29,0,,,,,0,68.0
doubleT_platform,94,9.39,0,,,,,0,104.0
doubleT_platform,95,9.49,0,,,,,0,68.0
doubleT_platform,96,9.59,0,,,,,0,66.0
doubleT_platform,97,9.69,0,,,,,0,64.0
doubleT_platform,98,9.79,0,,,,,0,136.0
doubleT_platform,99,9.9,0,,,,,0,116.0
doubleT_platform,100,10.0,0,,,,,0,140.0
doubleT_platform,101,10.09,0,,,,,0,96.0
doubleT_platform,102,10.2,1,131.7,-0.78,1.14,6,1,124.0
doubleT_platform,103,10.3,0,,,,,0,136.0
doubleT_platform,104,10.39,0,,,,,0,82.0
doubleT_platform,105,10.5,0,,,,,0,130.0
doubleT_platform,106,10.59,0,,,,,0,130.0
doubleT_platform,107,10.69,0,,,,,0,132.0
doubleT_platform,108,10.79,0,,,,,0,128.0
doubleT_platform,109,10.89,0,,,,,0,138.0
doubleT_platform,110,10.99,0,,,,,0,130.0
doubleT_platform,111,11.09,0,,,,,0,122.0
doubleT_platform,112,11.2,1,121.6,-0.69,1.94,11,1,120.0
doubleT_platform,113,11.3,0,,,,,0,126.0
doubleT_platform,114,11.39,0,,,,,0,124.0
doubleT_platform,115,11.49,1,118.7,-0.84,1.47,6,1,116.0
doubleT_platform,116,11.6,1,149.3,-0.31,1.78,3,1,140.0
doubleT_platform,117,11.7,1,141.1,-0.87,1.27,3,2,138.0
doubleT_platform,118,11.79,1,140.3,-0.5,1.11,4,1,132.0
doubleT_platform,119,11.89,0,,,,,0,108.0
doubleT_platform,120,11.99,0,,,,,0,118.0
doubleT_platform,121,12.09,1,113.2,-0.98,0.94,3,2,116.0
doubleT_platform,122,12.2,0,,,,,0,148.0
doubleT_platform,123,12.29,0,,,,,0,146.0
doubleT_platform,124,12.39,1,139.4,-0.77,0.71,4,3,142.0
doubleT_platform,125,12.49,0,,,,,0,140.0
doubleT_platform,126,12.6,1,151.5,-0.85,0.96,3,1,152.0
doubleT_platform,127,12.69,0,,,,,0,132.0
doubleT_platform,128,12.79,1,149.7,-0.74,1.45,6,1,150.0
doubleT_platform,129,12.9,1,141.7,0.18,1.88,13,1,134.0
doubleT_platform,130,12.99,1,134.2,-0.81,0.99,4,3,134.0
doubleT_platform,131,13.09,0,,,,,0,152.0
doubleT_platform,132,13.19,1,132.6,-0.8,0.86,4,3,134.0
doubleT_platform,133,13.29,1,131.7,-0.76,1.44,6,1,148.0
doubleT_platform,134,13.39,1,123.9,-0.82,1.92,4,1,150.0
doubleT_platform,135,13.49,1,144.1,-0.8,1.79,5,1,148.0
doubleT_platform,136,13.6,1,129.3,-0.7,1.1,6,1,132.0
doubleT_platform,137,13.7,1,142.5,-0.83,1.29,4,1,144.0
doubleT_platform,138,13.8,0,,,,,0,102.0
doubleT_platform,139,13.9,0,,,,,0,144.0
doubleT_platform,140,14.0,0,,,,,0,146.0
doubleT_platform,141,14.09,0,,,,,0,100.0
doubleT_platform,142,14.19,0,,,,,0,142.0
doubleT_platform,143,14.3,0,,,,,0,126.0
doubleT_platform,144,14.39,0,,,,,0,140.0
doubleT_platform,145,14.5,0,,,,,0,136.0
doubleT_platform,146,14.59,1,121.7,-0.94,1.09,4,2,136.0
doubleT_platform,147,14.7,1,120.8,-0.92,1.3,6,1,142.0
doubleT_platform,148,14.8,0,,,,,0,94.0
doubleT_platform,149,14.89,0,,,,,0,138.0
doubleT_platform,150,14.99,1,118.8,-0.81,1.09,3,1,140.0
doubleT_platform,151,15.09,0,,,,,0,138.0
doubleT_platform,152,15.2,0,,,,,0,138.0
doubleT_platform,153,15.29,1,116.6,-0.88,1.62,8,1,140.0
doubleT_platform,154,15.39,0,,,,,0,140.0
doubleT_platform,155,15.49,1,75.3,-0.95,1.4,3,1,138.0
doubleT_platform,156,15.6,0,,,,,0,138.0
doubleT_platform,157,15.69,0,,,,,0,138.0
doubleT_platform,158,15.79,0,,,,,0,88.0
doubleT_platform,159,15.9,0,,,,,0,138.0
doubleT_platform,160,16.0,0,,,,,0,110.0
doubleT_platform,161,16.1,0,,,,,0,136.0
doubleT_platform,162,16.19,0,,,,,0,86.0
doubleT_platform,163,16.29,0,,,,,0,84.0
doubleT_platform,164,16.4,0,,,,,0,136.0
doubleT_platform,165,16.5,1,69.7,-0.99,1.36,3,1,136.0
doubleT_platform,166,16.59,1,134.7,-0.76,1.02,4,1,134.0
doubleT_platform,167,16.69,1,129.0,-0.87,1.75,4,1,128.0
doubleT_platform,168,16.8,1,120.7,-0.85,1.91,10,2,128.0
doubleT_platform,169,16.89,0,,,,,0,132.0
doubleT_platform,170,16.99,0,,,,,0,96.0
doubleT_platform,171,17.09,0,,,,,0,136.0
doubleT_platform,172,17.19,0,,,,,0,132.0
doubleT_platform,173,17.3,1,70.0,-0.92,0.78,3,1,132.0
doubleT_platform,174,17.4,0,,,,,0,136.0
doubleT_platform,175,17.49,0,,,,,0,132.0
doubleT_platform,176,17.6,0,,,,,0,134.0
doubleT_platform,177,17.69,0,,,,,0,56.0
doubleT_platform,178,17.79,0,,,,,0,76.0
doubleT_platform,179,17.89,0,,,,,0,134.0
doubleT_platform,180,18.0,1,97.3,-0.15,1.83,92,1,94.0
doubleT_platform,181,18.09,0,,,,,0,76.0
doubleT_platform,182,18.19,0,,,,,0,54.0
doubleT_platform,183,18.29,1,64.2,-0.85,0.65,5,1,56.0
doubleT_platform,184,18.39,1,63.7,-0.83,1.0,6,1,56.0
doubleT_platform,185,18.49,1,64.2,-0.93,0.8,4,1,56.0
doubleT_platform,186,18.59,1,63.6,-0.82,0.69,4,2,56.0
doubleT_platform,187,18.69,0,,,,,0,56.0
doubleT_platform,188,18.79,1,59.2,-0.89,0.34,4,1,54.0
doubleT_platform,189,18.89,1,57.0,-0.87,0.38,4,2,54.0
doubleT_platform,190,18.99,1,56.7,-0.98,1.68,8,1,50.0
doubleT_platform,191,19.09,1,58.7,-0.77,0.3,4,2,54.0
doubleT_platform,192,19.2,1,62.0,-0.93,0.7,4,1,54.0
doubleT_platform,193,19.3,0,,,,,0,40.0
doubleT_platform,194,19.39,1,60.5,-0.93,0.88,5,1,52.0
doubleT_platform,195,19.5,0,,,,,0,50.0
doubleT_platform,196,19.6,1,59.3,-0.81,1.01,5,1,52.0
doubleT_platform,197,19.7,0,,,,,0,52.0
doubleT_platform,198,19.8,0,,,,,0,50.0
doubleT_platform,199,19.9,0,,,,,0,52.0
doubleT_platform,200,19.99,0,,,,,0,50.0
doubleT_platform,201,20.09,0,,,,,0,50.0
doubleT_platform,202,20.19,1,57.7,-0.81,0.36,4,1,50.0
doubleT_platform,203,20.3,1,57.4,-0.77,0.68,8,1,48.0
doubleT_platform,204,20.4,1,57.2,-0.84,0.36,4,1,48.0
doubleT_platform,205,20.49,1,67.3,-0.91,0.9,10,1,60.0
doubleT_platform,206,20.6,0,,,,,0,48.0
doubleT_platform,207,20.7,1,56.3,-0.85,0.44,4,1,48.0
doubleT_platform,208,20.79,1,52.4,-0.91,0.5,5,3,54.0
doubleT_platform,209,20.9,1,55.8,-0.82,0.8,5,2,54.0
doubleT_platform,210,20.99,1,55.5,-0.86,0.79,4,2,54.0
doubleT_platform,211,21.1,1,55.3,-0.84,0.7,4,1,48.0
doubleT_platform,212,21.2,0,,,,,0,82.0
doubleT_platform,213,21.29,1,54.8,-0.89,1.04,6,1,48.0
doubleT_platform,214,21.4,1,53.8,-0.89,0.68,5,2,52.0
doubleT_platform,215,21.49,1,53.5,-0.85,0.68,5,1,46.0
doubleT_platform,216,21.6,1,51.3,-0.81,0.4,5,2,44.0
doubleT_platform,217,21.69,1,52.8,-0.89,0.8,7,2,52.0
doubleT_platform,218,21.8,1,53.3,-0.83,0.79,6,1,46.0
doubleT_platform,219,21.9,1,55.7,-0.74,0.39,4,2,52.0
doubleT_platform,220,22.0,0,,,,,0,76.0
doubleT_platform,221,22.09,0,,,,,0,46.0
doubleT_platform,222,22.2,1,55.1,-0.71,0.44,4,2,50.0
doubleT_platform,223,22.29,1,51.9,-0.84,0.46,7,2,50.0
doubleT_platform,224,22.39,1,51.8,-0.9,0.45,5,1,46.0
doubleT_platform,225,22.49,1,51.6,-0.83,0.43,5,1,44.0
doubleT_platform,226,22.59,1,51.5,-0.9,0.46,9,1,46.0
doubleT_platform,227,22.7,0,,,,,0,82.0
doubleT_platform,228,22.79,1,51.3,-0.83,0.44,11,2,50.0
doubleT_platform,229,22.9,1,51.3,-0.85,0.43,10,2,50.0
doubleT_platform,230,22.99,1,51.3,-0.9,0.43,5,2,50.0
doubleT_platform,231,23.09,1,55.8,-0.9,1.59,23,1,50.0
doubleT_platform,232,23.2,1,55.7,-0.9,1.69,24,1,50.0
doubleT_platform,233,23.29,1,50.9,-0.86,0.42,5,1,42.0
doubleT_platform,234,23.39,1,60.8,-0.91,1.39,14,1,54.0
doubleT_platform,235,23.49,0,,,,,0,44.0
doubleT_platform,236,23.59,0,,,,,0,78.0
doubleT_platform,237,23.7,0,,,,,0,44.0
doubleT_platform,238,23.79,0,,,,,0,44.0
doubleT_platform,239,23.89,1,50.5,-0.86,0.25,5,1,42.0
doubleT_platform,240,24.0,1,51.7,-0.89,0.5,6,1,44.0
doubleT_platform,241,24.1,1,51.7,-0.96,0.56,5,2,48.0
doubleT_platform,242,24.19,0,,,,,0,74.0
doubleT_platform,243,24.3,1,59.2,-0.88,1.48,12,1,54.0
doubleT_platform,244,24.4,1,51.4,-0.81,0.56,6,2,48.0
doubleT_platform,245,24.49,0,,,,,0,94.0
doubleT_platform,246,24.59,0,,,,,0,74.0
doubleT_platform,247,24.7,0,,,,,0,82.0
doubleT_platform,248,24.8,0,,,,,0,80.0
doubleT_platform,249,24.89,1,81.6,-0.04,1.99,132,1,76.0
doubleT_platform,250,24.99,0,,,,,0,48.0
doubleT_platform,251,25.09,1,76.1,-0.74,0.49,3,1,74.0
doubleT_platform,252,25.19,1,76.0,-0.85,0.49,4,1,74.0
doubleT_platform,253,25.29,1,75.9,-0.86,0.4,3,2,76.0
doubleT_platform,254,25.39,1,78.5,-0.05,2.0,129,1,74.0
doubleT_platform,255,25.49,0,,,,,0,48.0
doubleT_platform,256,25.59,1,83.9,-0.77,1.37,16,1,78.0
doubleT_platform,257,25.7,0,,,,,0,38.0
doubleT_platform,258,25.79,1,45.9,-0.94,0.57,6,1,40.0
doubleT_platform,259,25.89,1,53.3,-0.9,0.69,11,3,52.0
doubleT_platform,260,26.0,0,,,,,0,70.0
doubleT_platform,261,26.09,0,,,,,0,76.0
doubleT_platform,262,26.19,0,,,,,0,74.0
doubleT_platform,263,26.3,1,80.0,-0.73,1.99,6,1,78.0
doubleT_platform,264,26.39,0,,,,,0,46.0
doubleT_platform,265,26.49,0,,,,,0,40.0
doubleT_platform,266,26.6,0,,,,,0,66.0
doubleT_platform,267,26.69,1,79.9,-0.08,1.86,123,1,76.0
doubleT_platform,268,26.79,1,50.5,-0.84,0.67,8,2,46.0
doubleT_platform,269,26.89,1,47.6,-0.78,0.72,14,1,40.0
doubleT_platform,270,26.99,1,82.7,-0.76,1.93,22,1,74.0
doubleT_platform,271,27.09,1,81.0,-0.86,1.99,3,1,78.0
doubleT_platform,272,27.19,1,47.6,-0.82,0.74,15,3,46.0
doubleT_platform,273,27.29,1,75.3,-0.82,0.53,4,2,74.0
doubleT_platform,274,27.39,1,83.4,-0.73,1.99,27,1,78.0
doubleT_platform,275,27.49,1,82.8,-0.12,1.9,104,1,78.0
doubleT_platform,276,27.59,0,,,,,0,46.0
doubleT_platform,277,27.7,0,,,,,0,46.0
doubleT_platform,278,27.8,1,78.0,-0.06,1.99,127,1,74.0
doubleT_platform,279,27.89,1,47.5,-0.81,0.71,14,2,46.0
doubleT_platform,280,28.0,0,,,,,0,74.0
doubleT_platform,281,28.09,1,70.9,-0.87,0.52,3,2,74.0
doubleT_platform,282,28.2,0,,,,,0,46.0
doubleT_platform,283,28.3,1,47.6,-0.77,0.71,12,2,46.0
doubleT_platform,284,28.39,1,47.5,-0.87,0.67,8,2,46.0
doubleT_platform,285,28.49,1,47.5,-0.84,0.67,7,2,46.0
doubleT_platform,286,28.59,1,47.5,-0.8,0.71,14,2,46.0
doubleT_platform,287,28.7,1,47.5,-0.89,0.68,6,2,46.0
doubleT_platform,288,28.8,0,,,,,0,78.0
doubleT_platform,289,28.9,1,47.5,-0.88,0.68,7,2,46.0
doubleT_platform,290,29.0,1,45.7,-0.94,0.61,6,4,46.0
doubleT_platform,291,29.1,0,,,,,0,78.0
doubleT_platform,292,29.21,1,77.2,-0.01,1.91,129,1,70.0
doubleT_platform,293,29.3,1,43.1,-0.87,0.63,11,3,46.0
doubleT_platform,294,29.4,1,48.2,-0.78,0.59,8,2,46.0
doubleT_platform,295,29.49,1,47.5,-0.89,0.7,6,2,46.0
doubleT_platform,296,29.6,1,47.6,-0.76,0.7,12,2,46.0
doubleT_platform,297,29.7,0,,,,,0,40.0
doubleT_platform,298,29.8,1,47.5,-0.89,0.68,7,2,46.0
doubleT_platform,299,29.89,1,47.5,-0.84,0.67,7,2,46.0
doubleT_platform,300,30.01,0,,,,,0,74.0
doubleT_platform,301,30.11,1,48.2,-0.7,0.58,8,2,46.0
doubleT_platform,302,30.19,1,47.5,-0.89,0.67,7,2,46.0
doubleT_platform,303,30.3,1,45.7,-0.91,0.61,6,4,46.0
doubleT_platform,304,30.4,1,41.8,-0.92,0.63,15,4,46.0
doubleT_platform,305,30.51,1,48.1,-0.72,0.59,8,4,46.0
doubleT_platform,306,30.6,1,47.6,-0.85,0.68,7,3,46.0
doubleT_platform,307,30.7,1,42.6,-0.43,0.64,11,4,46.0
doubleT_platform,308,30.8,1,48.3,-0.74,0.59,9,4,46.0
doubleT_platform,309,30.9,1,47.5,-0.89,0.68,6,2,46.0
doubleT_platform,310,31.0,1,53.3,-0.88,1.64,26,1,46.0
doubleT_platform,311,31.1,1,47.5,-0.87,0.68,8,2,46.0
doubleT_platform,312,31.22,1,47.5,-0.76,0.7,12,2,46.0
doubleT_platform,313,31.3,1,47.5,-0.86,0.68,8,2,46.0
doubleT_platform,314,31.41,1,48.3,-0.74,0.74,11,3,46.0
doubleT_platform,315,31.5,1,47.4,-0.82,0.73,27,2,46.0
doubleT_platform,316,31.6,1,47.5,-0.84,0.68,7,3,46.0
doubleT_platform,317,31.71,1,41.8,-0.93,0.57,7,5,46.0
doubleT_platform,318,31.8,1,45.7,-0.92,0.62,6,4,46.0
doubleT_platform,319,31.9,1,47.5,-0.83,0.71,13,3,46.0
doubleT_platform,320,32.0,0,,,,,0,40.0
doubleT_platform,321,32.11,1,47.5,-0.81,0.71,12,3,46.0
doubleT_platform,322,32.2,1,48.3,-0.78,0.74,12,3,46.0
doubleT_platform,323,32.3,1,47.5,-0.85,0.69,7,3,46.0
doubleT_platform,324,32.39,1,47.5,-0.81,0.72,11,3,46.0
doubleT_platform,325,32.5,1,71.0,-0.86,0.57,3,1,74.0
doubleT_platform,326,32.59,1,73.7,-0.53,0.47,6,1,70.0
doubleT_platform,327,32.7,1,47.5,-0.88,0.69,9,2,46.0
doubleT_platform,328,32.8,1,47.5,-0.88,0.69,8,2,46.0
doubleT_platform,329,32.9,1,47.5,-0.77,0.72,14,2,46.0
doubleT_platform,330,33.0,1,43.2,-0.85,0.67,20,3,46.0
doubleT_platform,331,33.1,1,47.5,-0.84,0.72,12,2,46.0
doubleT_platform,332,33.21,1,41.8,-0.9,0.62,13,4,46.0
doubleT_platform,333,33.31,1,47.5,-0.83,0.69,9,3,46.0
doubleT_platform,334,33.4,1,45.7,-0.91,0.58,6,3,46.0
doubleT_platform,335,33.5,0,,,,,0,40.0
doubleT_platform,336,33.6,1,47.5,-0.78,0.74,12,3,46.0
doubleT_platform,337,33.7,1,53.3,-0.89,1.64,25,1,46.0
doubleT_platform,338,33.8,1,47.7,-0.67,0.74,13,1,40.0
doubleT_platform,339,33.9,1,41.7,-0.92,0.63,18,4,46.0
doubleT_platform,340,34.01,1,42.6,-0.47,0.63,9,3,46.0
doubleT_platform,341,34.1,1,44.8,-0.94,0.62,6,4,46.0
doubleT_platform,342,34.21,1,59.1,-0.66,0.31,4,1,74.0
doubleT_platform,343,34.31,0,,,,,0,40.0
doubleT_platform,344,34.42,1,47.5,-0.88,0.69,8,2,46.0
roundT_doubleT,0,0.0,0,,,,,0,102.0
roundT_doubleT,1,0.08,0,,,,,0,96.0
roundT_doubleT,2,0.19,0,,,,,0,116.0
roundT_doubleT,3,0.28,0,,,,,0,114.0
roundT_doubleT,4,0.4,0,,,,,0,86.0
roundT_doubleT,5,0.49,0,,,,,0,84.0
roundT_doubleT,6,0.59,0,,,,,0,84.0
roundT_doubleT,7,0.67,0,,,,,0,106.0
roundT_doubleT,8,0.79,0,,,,,0,88.0
roundT_doubleT,9,0.88,0,,,,,0,92.0
roundT_doubleT,10,0.97,0,,,,,0,120.0
roundT_doubleT,11,1.07,0,,,,,0,116.0
roundT_doubleT,12,1.18,0,,,,,0,86.0
roundT_doubleT,13,1.28,0,,,,,0,88.0
roundT_doubleT,14,1.39,0,,,,,0,110.0
roundT_doubleT,15,1.48,0,,,,,0,112.0
roundT_doubleT,16,1.57,0,,,,,0,94.0
roundT_doubleT,17,1.67,0,,,,,0,84.0
roundT_doubleT,18,1.79,0,,,,,0,86.0
roundT_doubleT,19,1.88,0,,,,,0,108.0
roundT_doubleT,20,1.98,0,,,,,0,104.0
roundT_doubleT,21,2.07,0,,,,,0,102.0
roundT_doubleT,22,2.17,0,,,,,0,104.0
roundT_doubleT,23,2.28,0,,,,,0,84.0
roundT_doubleT,24,2.38,0,,,,,0,98.0
roundT_doubleT,25,2.48,0,,,,,0,104.0
roundT_doubleT,26,2.58,0,,,,,0,100.0
roundT_doubleT,27,2.68,0,,,,,0,128.0
roundT_doubleT,28,2.78,0,,,,,0,82.0
roundT_doubleT,29,2.88,0,,,,,0,104.0
roundT_doubleT,30,2.98,0,,,,,0,104.0
roundT_doubleT,31,3.08,0,,,,,0,92.0
roundT_doubleT,32,3.18,0,,,,,0,92.0
roundT_doubleT,33,3.28,0,,,,,0,88.0
roundT_doubleT,34,3.37,0,,,,,0,90.0
roundT_doubleT,35,3.47,0,,,,,0,88.0
roundT_doubleT,36,3.57,0,,,,,0,100.0
roundT_doubleT,37,3.67,0,,,,,0,112.0
roundT_doubleT,38,3.77,0,,,,,0,112.0
roundT_doubleT,39,3.89,0,,,,,0,98.0
roundT_doubleT,40,3.98,0,,,,,0,108.0
roundT_doubleT,41,4.07,0,,,,,0,106.0
roundT_doubleT,42,4.17,0,,,,,0,88.0
roundT_doubleT,43,4.28,0,,,,,0,92.0
roundT_doubleT,44,4.37,0,,,,,0,100.0
roundT_doubleT,45,4.47,0,,,,,0,100.0
roundT_doubleT,46,4.57,0,,,,,0,88.0
roundT_doubleT,47,4.68,0,,,,,0,82.0
roundT_doubleT,48,4.78,0,,,,,0,80.0
roundT_doubleT,49,4.87,0,,,,,0,94.0
roundT_doubleT,50,4.98,0,,,,,0,76.0
roundT_doubleT,51,5.09,0,,,,,0,80.0
roundT_doubleT,52,5.17,0,,,,,0,80.0
roundT_doubleT,53,5.27,0,,,,,0,78.0
roundT_doubleT,54,5.37,0,,,,,0,76.0
roundT_doubleT,55,5.48,0,,,,,0,84.0
roundT_doubleT,56,5.57,0,,,,,0,60.0
roundT_doubleT,57,5.67,0,,,,,0,82.0
roundT_doubleT,58,5.77,0,,,,,0,72.0
roundT_doubleT,59,5.87,0,,,,,0,68.0
roundT_doubleT,60,5.97,0,,,,,0,76.0
roundT_doubleT,61,6.08,0,,,,,0,74.0
roundT_doubleT,62,6.18,0,,,,,0,72.0
roundT_doubleT,63,6.27,0,,,,,0,72.0
roundT_doubleT,64,6.37,0,,,,,0,80.0
roundT_doubleT,65,6.47,0,,,,,0,60.0
roundT_doubleT,66,6.58,0,,,,,0,68.0
roundT_doubleT,67,6.67,0,,,,,0,64.0
roundT_doubleT,68,6.78,0,,,,,0,74.0
roundT_doubleT,69,6.87,0,,,,,0,64.0
roundT_doubleT,70,6.97,0,,,,,0,60.0
roundT_doubleT,71,7.08,1,67.8,0.92,0.42,3,1,62.0
roundT_doubleT,72,7.19,0,,,,,0,48.0
roundT_doubleT,73,7.28,0,,,,,0,56.0
roundT_doubleT,74,7.39,0,,,,,0,44.0
roundT_doubleT,75,7.48,0,,,,,0,54.0
roundT_doubleT,76,7.58,0,,,,,0,40.0
roundT_doubleT,77,7.68,0,,,,,0,50.0
roundT_doubleT,78,7.78,0,,,,,0,48.0
roundT_doubleT,79,7.88,0,,,,,0,46.0
roundT_doubleT,80,7.98,0,,,,,0,46.0
roundT_doubleT,81,8.08,0,,,,,0,40.0
roundT_doubleT,82,8.19,0,,,,,0,38.0
roundT_doubleT,83,8.28,0,,,,,0,40.0
roundT_doubleT,84,8.38,0,,,,,0,40.0
roundT_doubleT,85,8.47,0,,,,,0,40.0
roundT_doubleT,86,8.58,0,,,,,0,38.0
roundT_doubleT,87,8.67,0,,,,,0,38.0
roundT_doubleT,88,8.78,0,,,,,0,38.0
roundT_doubleT,89,8.88,1,48.0,0.9,0.48,6,1,40.0
roundT_doubleT,90,8.98,1,62.5,0.62,0.34,4,1,54.0
roundT_doubleT,91,9.08,1,45.3,0.93,0.44,6,1,38.0
roundT_doubleT,92,9.17,0,,,,,0,38.0
roundT_doubleT,93,9.27,1,44.2,0.89,0.43,7,1,36.0
roundT_doubleT,94,9.38,1,55.7,0.63,0.35,5,1,48.0
roundT_doubleT,95,9.48,0,,,,,0,64.0
roundT_doubleT,96,9.59,0,,,,,0,40.0
roundT_doubleT,97,9.67,0,,,,,0,40.0
roundT_doubleT,98,9.77,1,49.0,0.65,0.29,5,1,42.0
roundT_doubleT,99,9.87,0,,,,,0,40.0
roundT_doubleT,100,9.97,0,,,,,0,58.0
roundT_doubleT,101,10.07,0,,,,,0,58.0
roundT_doubleT,102,10.19,0,,,,,0,54.0
roundT_doubleT,103,10.27,0,,,,,0,52.0
roundT_doubleT,104,10.38,1,60.2,0.23,1.99,49,1,52.0
roundT_doubleT,105,10.5,0,,,,,0,48.0
roundT_doubleT,106,10.58,0,,,,,0,62.0
roundT_doubleT,107,10.69,0,,,,,0,50.0
roundT_doubleT,108,10.77,0,,,,,0,62.0
roundT_doubleT,109,10.87,0,,,,,0,58.0
roundT_doubleT,110,10.98,0,,,,,0,44.0
roundT_doubleT,111,11.08,0,,,,,0,56.0
roundT_doubleT,112,11.19,0,,,,,0,54.0
roundT_doubleT,113,11.27,0,,,,,0,50.0
roundT_doubleT,114,11.37,0,,,,,0,48.0
roundT_doubleT,115,11.47,0,,,,,0,48.0
roundT_doubleT,116,11.58,0,,,,,0,46.0
roundT_doubleT,117,11.68,0,,,,,0,44.0
roundT_doubleT,118,11.78,0,,,,,0,42.0
roundT_doubleT,119,11.87,0,,,,,0,40.0
roundT_doubleT,120,11.97,0,,,,,0,44.0
roundT_doubleT,121,12.07,0,,,,,0,44.0
roundT_doubleT,122,12.17,0,,,,,0,38.0
roundT_doubleT,123,12.28,0,,,,,0,38.0
roundT_doubleT,124,12.39,0,,,,,0,36.0
roundT_doubleT,125,12.48,0,,,,,0,34.0
roundT_doubleT,126,12.58,0,,,,,0,38.0
roundT_doubleT,127,12.68,0,,,,,0,36.0
roundT_doubleT,128,12.78,0,,,,,0,38.0
roundT_doubleT,129,12.88,0,,,,,0,36.0
roundT_doubleT,130,12.97,0,,,,,0,34.0
roundT_doubleT,131,13.08,0,,,,,0,56.0
roundT_doubleT,132,13.17,1,42.1,0.86,1.94,43,1,36.0
roundT_doubleT,133,13.27,0,,,,,0,52.0
roundT_doubleT,134,13.37,0,,,,,0,52.0
roundT_doubleT,135,13.48,0,,,,,0,50.0
roundT_doubleT,136,13.58,0,,,,,0,48.0
roundT_doubleT,137,13.68,0,,,,,0,44.0
roundT_doubleT,138,13.78,0,,,,,0,44.0
roundT_doubleT,139,13.87,0,,,,,0,44.0
roundT_doubleT,140,13.97,0,,,,,0,40.0
roundT_doubleT,141,14.07,0,,,,,0,40.0
roundT_doubleT,142,14.17,0,,,,,0,40.0
roundT_doubleT,143,14.27,0,,,,,0,44.0
roundT_doubleT,144,14.37,0,,,,,0,44.0
roundT_doubleT,145,14.47,1,48.9,0.25,2.0,68,1,44.0
roundT_doubleT,146,14.57,1,47.2,0.22,1.99,60,1,40.0
roundT_doubleT,147,14.67,0,,,,,0,48.0
roundT_doubleT,148,14.77,0,,,,,0,48.0
roundT_doubleT,149,14.87,0,,,,,0,34.0
roundT_doubleT,150,14.97,0,,,,,0,34.0
roundT_doubleT,151,15.07,0,,,,,0,40.0
roundT_doubleT,152,15.17,0,,,,,0,36.0
roundT_doubleT,153,15.27,0,,,,,0,36.0
roundT_doubleT,154,15.37,0,,,,,0,44.0
roundT_doubleT,155,15.47,0,,,,,0,42.0
roundT_doubleT,156,15.57,0,,,,,0,36.0
roundT_doubleT,157,15.67,0,,,,,0,10.0
roundT_doubleT,158,15.78,0,,,,,0,44.0
roundT_doubleT,159,15.88,0,,,,,0,34.0
roundT_doubleT,160,15.97,0,,,,,0,40.0
roundT_doubleT,161,16.07,0,,,,,0,56.0
roundT_doubleT,162,16.17,0,,,,,0,56.0
roundT_doubleT,163,16.27,0,,,,,0,52.0
roundT_doubleT,164,16.37,0,,,,,0,18.0
roundT_doubleT,165,16.47,0,,,,,0,50.0
roundT_doubleT,166,16.58,0,,,,,0,44.0
roundT_doubleT,167,16.67,0,,,,,0,48.0
roundT_doubleT,168,16.77,0,,,,,0,44.0
roundT_doubleT,169,16.87,0,,,,,0,54.0
roundT_doubleT,170,16.97,0,,,,,0,44.0
roundT_doubleT,171,17.07,0,,,,,0,48.0
roundT_doubleT,172,17.17,0,,,,,0,48.0
roundT_doubleT,173,17.28,0,,,,,0,38.0
roundT_doubleT,174,17.37,0,,,,,0,52.0
roundT_doubleT,175,17.47,0,,,,,0,66.0
roundT_doubleT,176,17.57,0,,,,,0,72.0
roundT_doubleT,177,17.67,0,,,,,0,72.0
roundT_doubleT,178,17.77,0,,,,,0,70.0
roundT_doubleT,179,17.87,0,,,,,0,68.0
roundT_doubleT,180,17.97,0,,,,,0,66.0
roundT_doubleT,181,18.07,1,75.5,0.87,1.94,8,1,70.0
roundT_doubleT,182,18.17,0,,,,,0,10.0
roundT_doubleT,183,18.28,0,,,,,0,52.0
roundT_doubleT,184,18.37,0,,,,,0,60.0
roundT_doubleT,185,18.47,0,,,,,0,48.0
roundT_doubleT,186,18.57,0,,,,,0,66.0
roundT_doubleT,187,18.67,0,,,,,0,66.0
roundT_doubleT,188,18.77,0,,,,,0,36.0
roundT_doubleT,189,18.87,0,,,,,0,8.0
roundT_doubleT,190,18.97,0,,,,,0,56.0
roundT_doubleT,191,19.07,0,,,,,0,50.0
roundT_doubleT,192,19.17,0,,,,,0,48.0
roundT_doubleT,193,19.27,0,,,,,0,44.0
roundT_doubleT,194,19.37,0,,,,,0,44.0
roundT_doubleT,195,19.47,0,,,,,0,38.0
roundT_doubleT,196,19.57,0,,,,,0,46.0
roundT_doubleT,197,19.67,0,,,,,0,122.0
roundT_doubleT,198,19.77,0,,,,,0,46.0
roundT_doubleT,199,19.87,0,,,,,0,40.0
roundT_doubleT,200,19.97,0,,,,,0,38.0
roundT_doubleT,201,20.07,0,,,,,0,40.0
roundT_doubleT,202,20.17,0,,,,,0,38.0
roundT_doubleT,203,20.28,0,,,,,0,38.0
roundT_doubleT,204,20.37,0,,,,,0,36.0
roundT_doubleT,205,20.47,0,,,,,0,116.0
roundT_doubleT,206,20.57,0,,,,,0,94.0
roundT_doubleT,207,20.67,0,,,,,0,108.0
roundT_doubleT,208,20.77,0,,,,,0,100.0
roundT_doubleT,209,20.87,0,,,,,0,82.0
roundT_doubleT,210,20.97,0,,,,,0,102.0
roundT_doubleT,211,21.07,0,,,,,0,48.0
roundT_doubleT,212,21.17,0,,,,,0,94.0
roundT_doubleT,213,21.27,0,,,,,0,110.0
roundT_doubleT,214,21.37,0,,,,,0,124.0
roundT_doubleT,215,21.47,0,,,,,0,94.0
roundT_doubleT,216,21.57,0,,,,,0,86.0
roundT_doubleT,217,21.67,0,,,,,0,90.0
roundT_doubleT,218,21.77,0,,,,,0,82.0
roundT_doubleT,219,21.87,0,,,,,0,86.0
roundT_doubleT,220,21.97,0,,,,,0,112.0
roundT_doubleT,221,22.07,0,,,,,0,82.0
roundT_doubleT,222,22.17,0,,,,,0,92.0
roundT_doubleT,223,22.27,0,,,,,0,80.0
roundT_doubleT,224,22.37,0,,,,,0,78.0
roundT_doubleT,225,22.47,0,,,,,0,98.0
roundT_doubleT,226,22.57,1,113.2,0.75,1.9,10,1,104.0
roundT_doubleT,227,22.67,0,,,,,0,92.0
roundT_doubleT,228,22.77,0,,,,,0,72.0
roundT_doubleT,229,22.87,0,,,,,0,66.0
roundT_doubleT,230,22.97,0,,,,,0,68.0
roundT_doubleT,231,23.07,0,,,,,0,66.0
roundT_doubleT,232,23.17,0,,,,,0,64.0
roundT_doubleT,233,23.27,0,,,,,0,88.0
roundT_doubleT,234,23.37,0,,,,,0,88.0
roundT_doubleT,235,23.47,0,,,,,0,66.0
roundT_doubleT,236,23.57,1,94.3,0.98,1.84,6,1,84.0
roundT_doubleT,237,23.67,0,,,,,0,56.0
roundT_doubleT,238,23.77,0,,,,,0,54.0
roundT_doubleT,239,23.87,0,,,,,0,52.0
roundT_doubleT,240,23.97,0,,,,,0,50.0
roundT_doubleT,241,24.07,0,,,,,0,74.0
roundT_doubleT,242,24.17,0,,,,,0,72.0
roundT_doubleT,243,24.27,0,,,,,0,40.0
roundT_doubleT,244,24.37,0,,,,,0,42.0
roundT_doubleT,245,24.47,0,,,,,0,38.0
roundT_doubleT,246,24.57,0,,,,,0,38.0
roundT_doubleT,247,24.67,0,,,,,0,62.0
roundT_doubleT,248,24.77,0,,,,,0,52.0
roundT_doubleT,249,24.87,0,,,,,0,58.0
roundT_doubleT,250,24.97,0,,,,,0,38.0
roundT_doubleT,251,25.07,0,,,,,0,40.0
roundT_pressureGate_roundT,0,0.0,0,,,,,0,84.0
roundT_pressureGate_roundT,1,0.11,0,,,,,0,110.0
roundT_pressureGate_roundT,2,0.2,0,,,,,0,110.0
roundT_pressureGate_roundT,3,0.3,0,,,,,0,108.0
roundT_pressureGate_roundT,4,0.4,0,,,,,0,106.0
roundT_pressureGate_roundT,5,0.51,0,,,,,0,108.0
roundT_pressureGate_roundT,6,0.59,0,,,,,0,104.0
roundT_pressureGate_roundT,7,0.71,0,,,,,0,102.0
roundT_pressureGate_roundT,8,0.81,0,,,,,0,98.0
roundT_pressureGate_roundT,9,0.91,0,,,,,0,98.0
roundT_pressureGate_roundT,10,1.01,0,,,,,0,96.0
roundT_pressureGate_roundT,11,1.1,0,,,,,0,98.0
roundT_pressureGate_roundT,12,1.2,0,,,,,0,94.0
roundT_pressureGate_roundT,13,1.3,0,,,,,0,100.0
roundT_pressureGate_roundT,14,1.4,0,,,,,0,92.0
roundT_pressureGate_roundT,15,1.49,0,,,,,0,88.0
roundT_pressureGate_roundT,16,1.6,0,,,,,0,96.0
roundT_pressureGate_roundT,17,1.7,0,,,,,0,94.0
roundT_pressureGate_roundT,18,1.8,0,,,,,0,86.0
roundT_pressureGate_roundT,19,1.89,0,,,,,0,84.0
roundT_pressureGate_roundT,20,2.01,0,,,,,0,96.0
roundT_pressureGate_roundT,21,2.1,0,,,,,0,84.0
roundT_pressureGate_roundT,22,2.19,0,,,,,0,82.0
roundT_pressureGate_roundT,23,2.31,0,,,,,0,80.0
roundT_pressureGate_roundT,24,2.39,0,,,,,0,58.0
roundT_pressureGate_roundT,25,2.54,0,,,,,0,92.0
roundT_pressureGate_roundT,26,2.6,0,,,,,0,84.0
roundT_pressureGate_roundT,27,2.7,0,,,,,0,92.0
roundT_pressureGate_roundT,28,2.8,0,,,,,0,94.0
roundT_pressureGate_roundT,29,2.9,0,,,,,0,70.0
roundT_pressureGate_roundT,30,3.02,0,,,,,0,98.0
roundT_pressureGate_roundT,31,3.09,0,,,,,0,80.0
roundT_pressureGate_roundT,32,3.2,0,,,,,0,128.0
roundT_pressureGate_roundT,33,3.29,0,,,,,0,88.0
roundT_pressureGate_roundT,34,3.42,0,,,,,0,108.0
roundT_pressureGate_roundT,35,3.49,0,,,,,0,66.0
roundT_pressureGate_roundT,36,3.59,0,,,,,0,98.0
roundT_pressureGate_roundT,37,3.7,0,,,,,0,64.0
roundT_pressureGate_roundT,38,3.8,0,,,,,0,86.0
roundT_pressureGate_roundT,39,3.9,0,,,,,0,94.0
roundT_pressureGate_roundT,40,4.0,0,,,,,0,120.0
roundT_pressureGate_roundT,41,4.1,0,,,,,0,68.0
roundT_pressureGate_roundT,42,4.19,0,,,,,0,66.0
roundT_pressureGate_roundT,43,4.3,0,,,,,0,64.0
roundT_pressureGate_roundT,44,4.41,0,,,,,0,108.0
roundT_pressureGate_roundT,45,4.51,0,,,,,0,66.0
roundT_pressureGate_roundT,46,4.6,0,,,,,0,42.0
roundT_pressureGate_roundT,47,4.71,0,,,,,0,128.0
roundT_pressureGate_roundT,48,4.8,0,,,,,0,120.0
roundT_pressureGate_roundT,49,4.91,0,,,,,0,46.0
roundT_pressureGate_roundT,50,5.0,0,,,,,0,44.0
roundT_pressureGate_roundT,51,5.1,0,,,,,0,42.0
roundT_pressureGate_roundT,52,5.21,0,,,,,0,44.0
roundT_pressureGate_roundT,53,5.3,0,,,,,0,42.0
roundT_pressureGate_roundT,54,5.4,0,,,,,0,40.0
roundT_pressureGate_roundT,55,5.49,0,,,,,0,38.0
roundT_pressureGate_roundT,56,5.6,0,,,,,0,38.0
roundT_pressureGate_roundT,57,5.71,0,,,,,0,76.0
roundT_pressureGate_roundT,58,5.81,0,,,,,0,40.0
roundT_pressureGate_roundT,59,5.9,0,,,,,0,68.0
roundT_pressureGate_roundT,60,6.0,0,,,,,0,38.0
roundT_pressureGate_roundT,61,6.1,0,,,,,0,38.0
roundT_pressureGate_roundT,62,6.2,0,,,,,0,66.0
roundT_pressureGate_roundT,63,6.3,0,,,,,0,40.0
roundT_pressureGate_roundT,64,6.39,0,,,,,0,82.0
roundT_pressureGate_roundT,65,6.5,0,,,,,0,98.0
roundT_pressureGate_roundT,66,6.6,0,,,,,0,102.0
roundT_pressureGate_roundT,67,6.7,0,,,,,0,98.0
roundT_pressureGate_roundT,68,6.8,0,,,,,0,92.0
roundT_pressureGate_roundT,69,6.9,0,,,,,0,96.0
roundT_pressureGate_roundT,70,7.0,0,,,,,0,90.0
roundT_pressureGate_roundT,71,7.1,0,,,,,0,90.0
roundT_pressureGate_roundT,72,7.2,0,,,,,0,150.0
roundT_pressureGate_roundT,73,7.3,0,,,,,0,90.0
roundT_pressureGate_roundT,74,7.4,0,,,,,0,88.0
roundT_pressureGate_roundT,75,7.49,0,,,,,0,84.0
roundT_pressureGate_roundT,76,7.6,0,,,,,0,144.0
roundT_pressureGate_roundT,77,7.7,0,,,,,0,146.0
roundT_pressureGate_roundT,78,7.8,0,,,,,0,140.0
roundT_pressureGate_roundT,79,7.92,0,,,,,0,82.0
roundT_pressureGate_roundT,80,8.01,0,,,,,0,142.0
roundT_pressureGate_roundT,81,8.12,0,,,,,0,102.0
roundT_pressureGate_roundT,82,8.19,0,,,,,0,128.0
roundT_pressureGate_roundT,83,8.29,0,,,,,0,136.0
roundT_pressureGate_roundT,84,8.4,0,,,,,0,84.0
roundT_pressureGate_roundT,85,8.52,0,,,,,0,138.0
roundT_pressureGate_roundT,86,8.6,0,,,,,0,94.0
roundT_pressureGate_roundT,87,8.71,0,,,,,0,80.0
roundT_pressureGate_roundT,88,8.8,0,,,,,0,68.0
roundT_pressureGate_roundT,89,8.92,0,,,,,0,66.0
roundT_pressureGate_roundT,90,9.0,1,74.4,0.62,0.37,3,1,64.0
roundT_pressureGate_roundT,91,9.11,0,,,,,0,138.0
roundT_pressureGate_roundT,92,9.2,1,68.7,0.84,0.3,3,1,60.0
roundT_pressureGate_roundT,93,9.3,0,,,,,0,136.0
roundT_pressureGate_roundT,94,9.4,0,,,,,0,128.0
roundT_pressureGate_roundT,95,9.5,0,,,,,0,138.0
roundT_pressureGate_roundT,96,9.6,0,,,,,0,138.0
roundT_pressureGate_roundT,97,9.69,0,,,,,0,128.0
roundT_pressureGate_roundT,98,9.8,0,,,,,0,136.0
roundT_pressureGate_roundT,99,9.9,0,,,,,0,132.0
roundT_pressureGate_roundT,100,10.0,0,,,,,0,116.0
roundT_pressureGate_roundT,101,10.09,0,,,,,0,128.0
roundT_pressureGate_roundT,102,10.21,0,,,,,0,108.0
roundT_pressureGate_roundT,103,10.29,0,,,,,0,136.0
roundT_pressureGate_roundT,104,10.39,0,,,,,0,132.0
roundT_pressureGate_roundT,105,10.5,0,,,,,0,112.0
roundT_pressureGate_roundT,106,10.59,0,,,,,0,128.0
roundT_pressureGate_roundT,107,10.71,0,,,,,0,120.0
roundT_pressureGate_roundT,108,10.79,0,,,,,0,122.0
roundT_pressureGate_roundT,109,10.89,0,,,,,0,124.0
roundT_pressureGate_roundT,110,10.99,0,,,,,0,124.0
roundT_pressureGate_roundT,111,11.11,0,,,,,0,126.0
roundT_pressureGate_roundT,112,11.19,0,,,,,0,128.0
roundT_pressureGate_roundT,113,11.3,0,,,,,0,128.0
roundT_pressureGate_roundT,114,11.39,0,,,,,0,62.0
roundT_pressureGate_roundT,115,11.5,0,,,,,0,64.0
roundT_pressureGate_roundT,116,11.59,0,,,,,0,126.0
roundT_pressureGate_roundT,117,11.7,0,,,,,0,64.0
roundT_pressureGate_roundT,118,11.8,0,,,,,0,118.0
roundT_pressureGate_roundT,119,11.9,1,69.1,0.05,2.0,108,1,62.0
roundT_pressureGate_roundT,120,12.01,0,,,,,0,134.0
roundT_pressureGate_roundT,121,12.1,0,,,,,0,136.0
roundT_pressureGate_roundT,122,12.2,0,,,,,0,66.0
roundT_pressureGate_roundT,123,12.3,0,,,,,0,138.0
roundT_pressureGate_roundT,124,12.39,0,,,,,0,128.0
roundT_pressureGate_roundT,125,12.5,0,,,,,0,134.0
roundT_pressureGate_roundT,126,12.59,0,,,,,0,134.0
roundT_pressureGate_roundT,127,12.7,0,,,,,0,122.0
roundT_pressureGate_roundT,128,12.8,0,,,,,0,128.0
roundT_pressureGate_roundT,129,12.9,0,,,,,0,130.0
roundT_pressureGate_roundT,130,13.0,0,,,,,0,116.0
roundT_pressureGate_roundT,131,13.09,0,,,,,0,134.0
roundT_pressureGate_roundT,132,13.2,0,,,,,0,106.0
roundT_pressureGate_roundT,133,13.3,0,,,,,0,122.0
roundT_pressureGate_roundT,134,13.4,0,,,,,0,86.0
roundT_pressureGate_roundT,135,13.5,0,,,,,0,120.0
roundT_pressureGate_roundT,136,13.59,0,,,,,0,120.0
roundT_pressureGate_roundT,137,13.71,0,,,,,0,116.0
roundT_pressureGate_roundT,138,13.8,0,,,,,0,120.0
roundT_pressureGate_roundT,139,13.92,0,,,,,0,114.0
roundT_pressureGate_roundT,140,14.02,0,,,,,0,112.0
roundT_pressureGate_roundT,141,14.11,0,,,,,0,112.0
roundT_pressureGate_roundT,142,14.19,0,,,,,0,106.0
roundT_pressureGate_roundT,143,14.3,0,,,,,0,108.0
roundT_pressureGate_roundT,144,14.41,0,,,,,0,86.0
roundT_pressureGate_roundT,145,14.49,0,,,,,0,96.0
roundT_pressureGate_roundT,146,14.6,0,,,,,0,98.0
roundT_pressureGate_roundT,147,14.7,0,,,,,0,98.0
roundT_pressureGate_roundT,148,14.8,0,,,,,0,106.0
roundT_pressureGate_roundT,149,14.9,0,,,,,0,104.0
roundT_pressureGate_roundT,150,15.01,0,,,,,0,94.0
roundT_pressureGate_roundT,151,15.09,0,,,,,0,78.0
roundT_pressureGate_roundT,152,15.2,0,,,,,0,100.0
roundT_pressureGate_roundT,153,15.31,0,,,,,0,100.0
roundT_pressureGate_roundT,154,15.39,0,,,,,0,92.0
roundT_pressureGate_roundT,155,15.49,0,,,,,0,88.0
roundT_pressureGate_roundT,156,15.6,0,,,,,0,90.0
roundT_pressureGate_roundT,157,15.71,0,,,,,0,88.0
roundT_pressureGate_roundT,158,15.8,0,,,,,0,84.0
roundT_pressureGate_roundT,159,15.9,0,,,,,0,110.0
roundT_pressureGate_roundT,160,16.01,0,,,,,0,126.0
roundT_pressureGate_roundT,161,16.1,0,,,,,0,98.0
roundT_pressureGate_roundT,162,16.2,0,,,,,0,96.0
roundT_pressureGate_roundT,163,16.3,0,,,,,0,98.0
roundT_pressureGate_roundT,164,16.41,0,,,,,0,112.0
roundT_pressureGate_roundT,165,16.5,0,,,,,0,104.0
roundT_pressureGate_roundT,166,16.61,0,,,,,0,124.0
roundT_pressureGate_roundT,167,16.7,0,,,,,0,100.0
roundT_pressureGate_roundT,168,16.79,0,,,,,0,110.0
roundT_pressureGate_roundT,169,16.92,0,,,,,0,108.0
roundT_pressureGate_roundT,170,17.0,0,,,,,0,92.0
roundT_pressureGate_roundT,171,17.09,0,,,,,0,134.0
roundT_pressureGate_roundT,172,17.2,0,,,,,0,92.0
roundT_pressureGate_roundT,173,17.3,0,,,,,0,128.0
roundT_pressureGate_roundT,174,17.4,0,,,,,0,88.0
roundT_pressureGate_roundT,175,17.49,0,,,,,0,102.0
roundT_pressureGate_roundT,176,17.6,0,,,,,0,114.0
roundT_pressureGate_roundT,177,17.7,0,,,,,0,114.0
roundT_pressureGate_roundT,178,17.81,0,,,,,0,84.0
roundT_pressureGate_roundT,179,17.91,0,,,,,0,88.0
roundT_pressureGate_roundT,180,18.02,0,,,,,0,118.0
roundT_pressureGate_roundT,181,18.1,0,,,,,0,86.0
roundT_pressureGate_roundT,182,18.22,1,126.1,-0.41,1.74,6,1,118.0
roundT_pressureGate_roundT,183,18.3,0,,,,,0,114.0
roundT_pressureGate_roundT,184,18.4,0,,,,,0,102.0
roundT_pressureGate_roundT,185,18.49,0,,,,,0,106.0
roundT_pressureGate_roundT,186,18.59,0,,,,,0,106.0
roundT_pressureGate_roundT,187,18.71,1,118.9,-0.93,0.9,5,1,114.0
roundT_pressureGate_roundT,188,18.79,0,,,,,0,78.0
roundT_pressureGate_roundT,189,18.9,0,,,,,0,100.0
roundT_pressureGate_roundT,190,19.01,1,107.2,-0.35,1.85,40,1,98.0
roundT_pressureGate_roundT,191,19.11,0,,,,,0,98.0
roundT_pressureGate_roundT,192,19.2,0,,,,,0,76.0
roundT_pressureGate_roundT,193,19.3,1,109.3,-0.77,0.69,5,1,104.0
roundT_pressureGate_roundT,194,19.39,0,,,,,0,132.0
roundT_pressureGate_roundT,195,19.5,0,,,,,0,84.0
roundT_pressureGate_roundT,196,19.59,0,,,,,0,96.0
roundT_pressureGate_roundT,197,19.7,0,,,,,0,100.0
roundT_pressureGate_roundT,198,19.79,0,,,,,0,90.0
roundT_pressureGate_roundT,199,19.89,0,,,,,0,124.0
roundT_pressureGate_roundT,200,20.01,0,,,,,0,122.0
roundT_pressureGate_roundT,201,20.1,0,,,,,0,88.0
roundT_pressureGate_roundT,202,20.2,0,,,,,0,128.0
roundT_pressureGate_roundT,203,20.31,0,,,,,0,78.0
roundT_pressureGate_roundT,204,20.39,0,,,,,0,84.0
roundT_pressureGate_roundT,205,20.5,1,91.2,-0.82,0.92,11,1,86.0
roundT_pressureGate_roundT,206,20.6,0,,,,,0,92.0
roundT_pressureGate_roundT,207,20.69,0,,,,,0,120.0
roundT_pressureGate_roundT,208,20.8,0,,,,,0,84.0
roundT_pressureGate_roundT,209,20.89,0,,,,,0,76.0
roundT_pressureGate_roundT,210,21.0,1,82.0,-0.05,2.0,94,1,72.0
roundT_pressureGate_roundT,211,21.1,1,82.5,-0.73,1.17,19,1,76.0
roundT_pressureGate_roundT,212,21.2,0,,,,,0,98.0
roundT_pressureGate_roundT,213,21.3,1,77.4,-0.25,2.0,105,1,68.0
roundT_pressureGate_roundT,214,21.41,0,,,,,0,114.0
roundT_pressureGate_roundT,215,21.5,0,,,,,0,86.0
roundT_pressureGate_roundT,216,21.6,0,,,,,0,106.0
roundT_pressureGate_roundT,217,21.7,0,,,,,0,68.0
roundT_pressureGate_roundT,218,21.8,0,,,,,0,116.0
roundT_pressureGate_roundT,219,21.91,0,,,,,0,102.0
roundT_pressureGate_roundT,220,22.01,0,,,,,0,62.0
roundT_pressureGate_roundT,221,22.1,1,67.0,-0.24,2.0,143,1,60.0
roundT_pressureGate_roundT,222,22.2,0,,,,,0,68.0
roundT_pressureGate_roundT,223,22.31,0,,,,,0,114.0
roundT_pressureGate_roundT,224,22.41,0,,,,,0,100.0
roundT_pressureGate_roundT,225,22.5,0,,,,,0,50.0
roundT_pressureGate_roundT,226,22.61,0,,,,,0,52.0
roundT_pressureGate_roundT,227,22.69,0,,,,,0,46.0
roundT_pressureGate_roundT,228,22.79,1,60.4,-0.02,2.0,151,1,52.0
roundT_pressureGate_roundT,229,22.89,1,54.8,-0.81,1.18,30,2,50.0
roundT_pressureGate_roundT,230,23.0,0,,,,,0,76.0
roundT_pressureGate_roundT,231,23.11,1,52.0,-0.93,1.18,9,2,50.0
roundT_pressureGate_roundT,232,23.2,0,,,,,0,98.0
roundT_pressureGate_roundT,233,23.29,0,,,,,0,84.0
roundT_pressureGate_roundT,234,23.4,0,,,,,0,50.0
roundT_pressureGate_roundT,235,23.51,0,,,,,0,82.0
roundT_pressureGate_roundT,236,23.61,0,,,,,0,100.0
roundT_pressureGate_roundT,237,23.7,1,91.1,0.07,1.91,54,1,86.0
roundT_pressureGate_roundT,238,23.81,0,,,,,0,50.0
roundT_pressureGate_roundT,239,23.9,0,,,,,0,48.0
roundT_pressureGate_roundT,240,24.0,0,,,,,0,82.0
roundT_pressureGate_roundT,241,24.1,0,,,,,0,10.0
roundT_pressureGate_roundT,242,24.22,0,,,,,0,72.0
roundT_pressureGate_roundT,243,24.32,0,,,,,0,78.0
roundT_pressureGate_roundT,244,24.42,0,,,,,0,114.0
roundT_pressureGate_roundT,245,24.5,0,,,,,0,46.0
roundT_pressureGate_roundT,246,24.6,0,,,,,0,118.0
roundT_pressureGate_roundT,247,24.71,0,,,,,0,72.0
roundT_pressureGate_roundT,248,24.8,0,,,,,0,100.0
roundT_pressureGate_roundT,249,24.92,0,,,,,0,108.0
roundT_pressureGate_roundT,250,25.0,1,116.9,-0.71,0.76,3,1,108.0
roundT_pressureGate_roundT,251,25.1,0,,,,,0,148.0
roundT_pressureGate_roundT,252,25.2,0,,,,,0,140.0
roundT_pressureGate_roundT,253,25.31,0,,,,,0,112.0
roundT_pressureGate_roundT,254,25.4,0,,,,,0,98.0
roundT_pressureGate_roundT,255,25.49,0,,,,,0,76.0
roundT_pressureGate_roundT,256,25.61,0,,,,,0,94.0
roundT_pressureGate_roundT,257,25.69,0,,,,,0,128.0
roundT_pressureGate_roundT,258,25.8,0,,,,,0,130.0
roundT_pressureGate_roundT,259,25.91,0,,,,,0,98.0
roundT_pressureGate_roundT,260,26.01,0,,,,,0,114.0
roundT_pressureGate_roundT,261,26.09,0,,,,,0,96.0
roundT_pressureGate_roundT,262,26.2,0,,,,,0,10.0
roundT_pressureGate_roundT,263,26.3,1,107.1,-0.7,1.1,7,1,104.0
roundT_pressureGate_roundT,264,26.39,0,,,,,0,126.0
roundT_pressureGate_roundT,265,26.5,0,,,,,0,90.0
roundT_pressureGate_roundT,266,26.59,0,,,,,0,114.0
roundT_pressureGate_roundT,267,26.7,0,,,,,0,86.0
roundT_squareT_pressureGate_squareT,0,0.0,0,,,,,0,104.0
roundT_squareT_pressureGate_squareT,1,0.1,0,,,,,0,106.0
roundT_squareT_pressureGate_squareT,2,0.2,0,,,,,0,104.0
roundT_squareT_pressureGate_squareT,3,0.3,0,,,,,0,94.0
roundT_squareT_pressureGate_squareT,4,0.39,0,,,,,0,94.0
roundT_squareT_pressureGate_squareT,5,0.49,0,,,,,0,88.0
roundT_squareT_pressureGate_squareT,6,0.59,0,,,,,0,94.0
roundT_squareT_pressureGate_squareT,7,0.69,0,,,,,0,94.0
roundT_squareT_pressureGate_squareT,8,0.8,0,,,,,0,92.0
roundT_squareT_pressureGate_squareT,9,0.9,0,,,,,0,94.0
roundT_squareT_pressureGate_squareT,10,1.01,0,,,,,0,94.0
roundT_squareT_pressureGate_squareT,11,1.09,0,,,,,0,92.0
roundT_squareT_pressureGate_squareT,12,1.18,0,,,,,0,88.0
roundT_squareT_pressureGate_squareT,13,1.28,0,,,,,0,112.0
roundT_squareT_pressureGate_squareT,14,1.38,0,,,,,0,128.0
roundT_squareT_pressureGate_squareT,15,1.49,0,,,,,0,86.0
roundT_squareT_pressureGate_squareT,16,1.59,0,,,,,0,86.0
roundT_squareT_pressureGate_squareT,17,1.69,0,,,,,0,80.0
roundT_squareT_pressureGate_squareT,18,1.79,0,,,,,0,86.0
roundT_squareT_pressureGate_squareT,19,1.89,0,,,,,0,108.0
roundT_squareT_pressureGate_squareT,20,1.99,0,,,,,0,80.0
roundT_squareT_pressureGate_squareT,21,2.09,0,,,,,0,100.0
roundT_squareT_pressureGate_squareT,22,2.2,0,,,,,0,98.0
roundT_squareT_pressureGate_squareT,23,2.28,0,,,,,0,72.0
roundT_squareT_pressureGate_squareT,24,2.39,0,,,,,0,80.0
roundT_squareT_pressureGate_squareT,25,2.49,0,,,,,0,114.0
roundT_squareT_pressureGate_squareT,26,2.59,0,,,,,0,98.0
roundT_squareT_pressureGate_squareT,27,2.69,0,,,,,0,98.0
roundT_squareT_pressureGate_squareT,28,2.79,0,,,,,0,64.0
roundT_squareT_pressureGate_squareT,29,2.9,0,,,,,0,110.0
roundT_squareT_pressureGate_squareT,30,2.98,0,,,,,0,62.0
roundT_squareT_pressureGate_squareT,31,3.09,0,,,,,0,62.0
roundT_squareT_pressureGate_squareT,32,3.19,0,,,,,0,102.0
roundT_squareT_pressureGate_squareT,33,3.29,0,,,,,0,102.0
roundT_squareT_pressureGate_squareT,34,3.39,0,,,,,0,96.0
roundT_squareT_pressureGate_squareT,35,3.49,0,,,,,0,102.0
roundT_squareT_pressureGate_squareT,36,3.58,0,,,,,0,126.0
roundT_squareT_pressureGate_squareT,37,3.69,0,,,,,0,104.0
roundT_squareT_pressureGate_squareT,38,3.79,0,,,,,0,128.0
roundT_squareT_pressureGate_squareT,39,3.89,0,,,,,0,98.0
roundT_squareT_pressureGate_squareT,40,3.99,0,,,,,0,118.0
roundT_squareT_pressureGate_squareT,41,4.09,0,,,,,0,112.0
roundT_squareT_pressureGate_squareT,42,4.2,0,,,,,0,94.0
roundT_squareT_pressureGate_squareT,43,4.3,0,,,,,0,122.0
roundT_squareT_pressureGate_squareT,44,4.4,0,,,,,0,124.0
roundT_squareT_pressureGate_squareT,45,4.51,0,,,,,0,118.0
roundT_squareT_pressureGate_squareT,46,4.59,0,,,,,0,116.0
roundT_squareT_pressureGate_squareT,47,4.7,0,,,,,0,114.0
roundT_squareT_pressureGate_squareT,48,4.79,0,,,,,0,108.0
roundT_squareT_pressureGate_squareT,49,4.9,0,,,,,0,106.0
roundT_squareT_pressureGate_squareT,50,4.99,0,,,,,0,106.0
roundT_squareT_pressureGate_squareT,51,5.09,0,,,,,0,104.0
roundT_squareT_pressureGate_squareT,52,5.19,0,,,,,0,128.0
roundT_squareT_pressureGate_squareT,53,5.3,0,,,,,0,114.0
roundT_squareT_pressureGate_squareT,54,5.39,0,,,,,0,106.0
roundT_squareT_pressureGate_squareT,55,5.49,0,,,,,0,98.0
roundT_squareT_pressureGate_squareT,56,5.59,0,,,,,0,104.0
roundT_squareT_pressureGate_squareT,57,5.69,0,,,,,0,122.0
roundT_squareT_pressureGate_squareT,58,5.79,0,,,,,0,102.0
roundT_squareT_pressureGate_squareT,59,5.88,0,,,,,0,106.0
roundT_squareT_pressureGate_squareT,60,5.99,0,,,,,0,100.0
roundT_squareT_pressureGate_squareT,61,6.08,0,,,,,0,102.0
roundT_squareT_pressureGate_squareT,62,6.19,0,,,,,0,116.0
roundT_squareT_pressureGate_squareT,63,6.28,0,,,,,0,96.0
roundT_squareT_pressureGate_squareT,64,6.39,0,,,,,0,94.0
roundT_squareT_pressureGate_squareT,65,6.48,0,,,,,0,98.0
roundT_squareT_pressureGate_squareT,66,6.59,0,,,,,0,98.0
roundT_squareT_pressureGate_squareT,67,6.68,0,,,,,0,82.0
roundT_squareT_pressureGate_squareT,68,6.78,0,,,,,0,94.0
roundT_squareT_pressureGate_squareT,69,6.88,0,,,,,0,94.0
roundT_squareT_pressureGate_squareT,70,6.99,0,,,,,0,86.0
roundT_squareT_pressureGate_squareT,71,7.08,0,,,,,0,106.0
roundT_squareT_pressureGate_squareT,72,7.2,0,,,,,0,102.0
roundT_squareT_pressureGate_squareT,73,7.29,0,,,,,0,76.0
roundT_squareT_pressureGate_squareT,74,7.39,0,,,,,0,100.0
roundT_squareT_pressureGate_squareT,75,7.49,0,,,,,0,74.0
roundT_squareT_pressureGate_squareT,76,7.58,0,,,,,0,84.0
roundT_squareT_pressureGate_squareT,77,7.68,0,,,,,0,98.0
roundT_squareT_pressureGate_squareT,78,7.79,0,,,,,0,80.0
roundT_squareT_pressureGate_squareT,79,7.89,0,,,,,0,68.0
roundT_squareT_pressureGate_squareT,80,8.0,0,,,,,0,84.0
roundT_squareT_pressureGate_squareT,81,8.09,0,,,,,0,90.0
roundT_squareT_pressureGate_squareT,82,8.19,0,,,,,0,88.0
roundT_squareT_pressureGate_squareT,83,8.29,0,,,,,0,86.0
roundT_squareT_pressureGate_squareT,84,8.4,0,,,,,0,76.0
roundT_squareT_pressureGate_squareT,85,8.5,0,,,,,0,78.0
roundT_squareT_pressureGate_squareT,86,8.58,0,,,,,0,78.0
roundT_squareT_pressureGate_squareT,87,8.69,0,,,,,0,84.0
roundT_squareT_pressureGate_squareT,88,8.78,0,,,,,0,82.0
roundT_squareT_pressureGate_squareT,89,8.89,0,,,,,0,80.0
roundT_squareT_pressureGate_squareT,90,8.99,0,,,,,0,92.0
roundT_squareT_pressureGate_squareT,91,9.1,0,,,,,0,68.0
roundT_squareT_pressureGate_squareT,92,9.19,0,,,,,0,76.0
roundT_squareT_pressureGate_squareT,93,9.3,0,,,,,0,90.0
roundT_squareT_pressureGate_squareT,94,9.39,0,,,,,0,76.0
roundT_squareT_pressureGate_squareT,95,9.48,0,,,,,0,66.0
roundT_squareT_pressureGate_squareT,96,9.59,0,,,,,0,64.0
roundT_squareT_pressureGate_squareT,97,9.69,0,,,,,0,102.0
roundT_squareT_pressureGate_squareT,98,9.79,0,,,,,0,62.0
roundT_squareT_pressureGate_squareT,99,9.91,0,,,,,0,60.0
roundT_squareT_pressureGate_squareT,100,10.01,0,,,,,0,98.0
roundT_squareT_pressureGate_squareT,101,10.11,0,,,,,0,104.0
roundT_squareT_pressureGate_squareT,102,10.21,0,,,,,0,58.0
roundT_squareT_pressureGate_squareT,103,10.29,0,,,,,0,90.0
roundT_squareT_pressureGate_squareT,104,10.39,0,,,,,0,66.0
roundT_squareT_pressureGate_squareT,105,10.48,0,,,,,0,66.0
roundT_squareT_pressureGate_squareT,106,10.6,0,,,,,0,54.0
roundT_squareT_pressureGate_squareT,107,10.7,0,,,,,0,62.0
roundT_squareT_pressureGate_squareT,108,10.79,0,,,,,0,84.0
roundT_squareT_pressureGate_squareT,109,10.89,0,,,,,0,60.0
roundT_squareT_pressureGate_squareT,110,10.99,0,,,,,0,48.0
roundT_squareT_pressureGate_squareT,111,11.08,0,,,,,0,114.0
roundT_squareT_pressureGate_squareT,112,11.19,0,,,,,0,96.0
roundT_squareT_pressureGate_squareT,113,11.29,0,,,,,0,46.0
roundT_squareT_pressureGate_squareT,114,11.39,0,,,,,0,46.0
roundT_squareT_pressureGate_squareT,115,11.49,0,,,,,0,98.0
roundT_squareT_pressureGate_squareT,116,11.58,0,,,,,0,90.0
roundT_squareT_pressureGate_squareT,117,11.69,0,,,,,0,80.0
roundT_squareT_pressureGate_squareT,118,11.79,0,,,,,0,42.0
roundT_squareT_pressureGate_squareT,119,11.92,0,,,,,0,78.0
roundT_squareT_pressureGate_squareT,120,11.99,0,,,,,0,40.0
roundT_squareT_pressureGate_squareT,121,12.09,0,,,,,0,96.0
roundT_squareT_pressureGate_squareT,122,12.19,0,,,,,0,48.0
roundT_squareT_pressureGate_squareT,123,12.29,0,,,,,0,38.0
roundT_squareT_pressureGate_squareT,124,12.39,0,,,,,0,102.0
roundT_squareT_pressureGate_squareT,125,12.49,0,,,,,0,102.0
roundT_squareT_pressureGate_squareT,126,12.59,0,,,,,0,100.0
roundT_squareT_pressureGate_squareT,127,12.68,0,,,,,0,46.0
roundT_squareT_pressureGate_squareT,128,12.79,0,,,,,0,98.0
roundT_squareT_pressureGate_squareT,129,12.88,0,,,,,0,102.0
roundT_squareT_pressureGate_squareT,130,12.98,0,,,,,0,96.0
roundT_squareT_pressureGate_squareT,131,13.08,0,,,,,0,96.0
roundT_squareT_pressureGate_squareT,132,13.19,0,,,,,0,96.0
roundT_squareT_pressureGate_squareT,133,13.29,0,,,,,0,98.0
roundT_squareT_pressureGate_squareT,134,13.38,0,,,,,0,92.0
roundT_squareT_pressureGate_squareT,135,13.48,0,,,,,0,104.0
roundT_squareT_pressureGate_squareT,136,13.59,0,,,,,0,112.0
roundT_squareT_pressureGate_squareT,137,13.7,0,,,,,0,92.0
roundT_squareT_pressureGate_squareT,138,13.79,0,,,,,0,96.0
roundT_squareT_pressureGate_squareT,139,13.92,0,,,,,0,92.0
roundT_squareT_pressureGate_squareT,140,13.99,0,,,,,0,94.0
roundT_squareT_pressureGate_squareT,141,14.09,0,,,,,0,118.0
roundT_squareT_pressureGate_squareT,142,14.19,0,,,,,0,98.0
roundT_squareT_pressureGate_squareT,143,14.29,0,,,,,0,106.0
roundT_squareT_pressureGate_squareT,144,14.39,0,,,,,0,108.0
roundT_squareT_pressureGate_squareT,145,14.5,0,,,,,0,88.0
roundT_squareT_pressureGate_squareT,146,14.58,0,,,,,0,90.0
roundT_squareT_pressureGate_squareT,147,14.68,0,,,,,0,102.0
roundT_squareT_pressureGate_squareT,148,14.8,0,,,,,0,104.0
roundT_squareT_pressureGate_squareT,149,14.88,0,,,,,0,114.0
roundT_squareT_pressureGate_squareT,150,14.99,0,,,,,0,110.0
roundT_squareT_pressureGate_squareT,151,15.08,0,,,,,0,108.0
roundT_squareT_pressureGate_squareT,152,15.19,0,,,,,0,108.0
roundT_squareT_pressureGate_squareT,153,15.3,0,,,,,0,110.0
roundT_squareT_pressureGate_squareT,154,15.4,0,,,,,0,106.0
roundT_squareT_pressureGate_squareT,155,15.49,0,,,,,0,106.0
roundT_squareT_pressureGate_squareT,156,15.58,0,,,,,0,104.0
roundT_squareT_pressureGate_squareT,157,15.69,0,,,,,0,78.0
roundT_squareT_pressureGate_squareT,158,15.79,0,,,,,0,106.0
roundT_squareT_pressureGate_squareT,159,15.89,0,,,,,0,78.0
roundT_squareT_pressureGate_squareT,160,15.99,0,,,,,0,100.0
roundT_squareT_pressureGate_squareT,161,16.11,0,,,,,0,102.0
roundT_squareT_pressureGate_squareT,162,16.19,0,,,,,0,102.0
roundT_squareT_pressureGate_squareT,163,16.29,0,,,,,0,100.0
roundT_squareT_pressureGate_squareT,164,16.39,0,,,,,0,100.0
roundT_squareT_pressureGate_squareT,165,16.49,0,,,,,0,100.0
roundT_squareT_pressureGate_squareT,166,16.59,0,,,,,0,96.0
roundT_squareT_pressureGate_squareT,167,16.69,0,,,,,0,96.0
roundT_squareT_pressureGate_squareT,168,16.81,0,,,,,0,104.0
roundT_squareT_pressureGate_squareT,169,16.89,0,,,,,0,96.0
roundT_squareT_pressureGate_squareT,170,17.99,0,,,,,0,100.0
roundT_squareT_pressureGate_squareT,171,18.09,0,,,,,0,84.0
roundT_squareT_pressureGate_squareT,172,18.19,0,,,,,0,80.0
roundT_squareT_pressureGate_squareT,173,18.29,0,,,,,0,100.0
roundT_squareT_pressureGate_squareT,174,18.38,0,,,,,0,80.0
roundT_squareT_pressureGate_squareT,175,18.49,0,,,,,0,100.0
roundT_squareT_pressureGate_squareT,176,18.59,0,,,,,0,98.0
roundT_squareT_pressureGate_squareT,177,18.69,0,,,,,0,98.0
roundT_squareT_pressureGate_squareT,178,18.78,0,,,,,0,98.0
roundT_squareT_pressureGate_squareT,179,18.89,0,,,,,0,56.0
roundT_squareT_pressureGate_squareT,180,18.99,0,,,,,0,52.0
roundT_squareT_pressureGate_squareT,181,19.08,0,,,,,0,108.0
roundT_squareT_pressureGate_squareT,182,19.19,0,,,,,0,50.0
roundT_squareT_pressureGate_squareT,183,19.3,0,,,,,0,112.0
roundT_squareT_pressureGate_squareT,184,19.39,0,,,,,0,50.0
roundT_squareT_pressureGate_squareT,185,19.48,0,,,,,0,106.0
roundT_squareT_pressureGate_squareT,186,19.59,0,,,,,0,110.0
roundT_squareT_pressureGate_squareT,187,19.71,0,,,,,0,46.0
roundT_squareT_pressureGate_squareT,188,19.82,0,,,,,0,112.0
roundT_squareT_pressureGate_squareT,189,19.89,0,,,,,0,100.0
roundT_squareT_pressureGate_squareT,190,19.99,0,,,,,0,106.0
roundT_squareT_pressureGate_squareT,191,20.09,0,,,,,0,104.0
roundT_squareT_pressureGate_squareT,192,20.19,0,,,,,0,104.0
roundT_squareT_pressureGate_squareT,193,20.28,0,,,,,0,98.0
roundT_squareT_pressureGate_squareT,194,20.39,0,,,,,0,102.0
roundT_squareT_pressureGate_squareT,195,20.48,0,,,,,0,102.0
roundT_squareT_pressureGate_squareT,196,20.58,0,,,,,0,106.0
roundT_squareT_pressureGate_squareT,197,20.68,0,,,,,0,96.0
roundT_squareT_pressureGate_squareT,198,20.78,0,,,,,0,102.0
roundT_squareT_pressureGate_squareT,199,20.88,0,,,,,0,56.0
roundT_squareT_pressureGate_squareT,200,20.98,0,,,,,0,152.0
roundT_squareT_pressureGate_squareT,201,21.08,0,,,,,0,100.0
roundT_squareT_pressureGate_squareT,202,21.18,0,,,,,0,94.0
roundT_squareT_pressureGate_squareT,203,21.29,0,,,,,0,148.0
roundT_squareT_pressureGate_squareT,204,21.38,0,,,,,0,88.0
roundT_squareT_pressureGate_squareT,205,21.48,0,,,,,0,130.0
roundT_squareT_pressureGate_squareT,206,21.58,0,,,,,0,130.0
roundT_squareT_pressureGate_squareT,207,21.68,0,,,,,0,130.0
roundT_squareT_pressureGate_squareT,208,21.79,0,,,,,0,92.0
roundT_squareT_pressureGate_squareT,209,21.89,0,,,,,0,102.0
roundT_squareT_pressureGate_squareT,210,21.99,0,,,,,0,84.0
roundT_squareT_pressureGate_squareT,211,22.08,0,,,,,0,142.0
roundT_squareT_pressureGate_squareT,212,22.2,0,,,,,0,144.0
roundT_squareT_pressureGate_squareT,213,22.28,0,,,,,0,104.0
roundT_squareT_pressureGate_squareT,214,22.38,0,,,,,0,120.0
roundT_squareT_pressureGate_squareT,215,22.5,0,,,,,0,134.0
roundT_squareT_pressureGate_squareT,216,22.59,0,,,,,0,118.0
roundT_squareT_pressureGate_squareT,217,22.68,0,,,,,0,116.0
roundT_squareT_pressureGate_squareT,218,22.78,0,,,,,0,116.0
roundT_squareT_pressureGate_squareT,219,22.89,0,,,,,0,118.0
roundT_squareT_pressureGate_squareT,220,22.99,0,,,,,0,132.0
roundT_squareT_pressureGate_squareT,221,23.08,0,,,,,0,130.0
roundT_squareT_pressureGate_squareT,222,23.2,0,,,,,0,114.0
roundT_squareT_pressureGate_squareT,223,23.29,0,,,,,0,128.0
roundT_squareT_pressureGate_squareT,224,23.38,0,,,,,0,94.0
roundT_squareT_pressureGate_squareT,225,23.49,0,,,,,0,128.0
roundT_squareT_pressureGate_squareT,226,23.59,0,,,,,0,122.0
roundT_squareT_pressureGate_squareT,227,23.72,0,,,,,0,124.0
roundT_squareT_pressureGate_squareT,228,23.79,0,,,,,0,120.0
roundT_squareT_pressureGate_squareT,229,23.88,0,,,,,0,122.0
roundT_squareT_pressureGate_squareT,230,23.99,0,,,,,0,104.0
roundT_squareT_pressureGate_squareT,231,24.08,0,,,,,0,104.0
roundT_squareT_pressureGate_squareT,232,24.19,0,,,,,0,102.0
roundT_squareT_pressureGate_squareT,233,24.28,0,,,,,0,118.0
roundT_squareT_pressureGate_squareT,234,24.39,0,,,,,0,118.0
roundT_squareT_pressureGate_squareT,235,24.5,0,,,,,0,116.0
roundT_squareT_pressureGate_squareT,236,24.59,0,,,,,0,114.0
roundT_squareT_pressureGate_squareT,237,24.69,0,,,,,0,112.0
roundT_squareT_pressureGate_squareT,238,24.78,0,,,,,0,112.0
roundT_squareT_pressureGate_squareT,239,24.89,0,,,,,0,108.0
roundT_squareT_pressureGate_squareT,240,24.98,0,,,,,0,110.0
roundT_squareT_pressureGate_squareT,241,25.09,0,,,,,0,106.0
roundT_squareT_pressureGate_squareT,242,25.18,0,,,,,0,106.0
roundT_squareT_pressureGate_squareT,243,25.28,0,,,,,0,106.0
roundT_squareT_pressureGate_squareT,244,25.4,0,,,,,0,104.0
roundT_squareT_pressureGate_squareT,245,25.5,0,,,,,0,100.0
roundT_squareT_pressureGate_squareT,246,25.58,0,,,,,0,102.0
roundT_squareT_pressureGate_squareT,247,25.69,0,,,,,0,102.0
roundT_squareT_pressureGate_squareT,248,25.79,0,,,,,0,96.0
roundT_squareT_pressureGate_squareT,249,25.9,0,,,,,0,96.0
roundT_squareT_pressureGate_squareT,250,25.99,0,,,,,0,96.0
roundT_squareT_pressureGate_squareT,251,26.08,0,,,,,0,96.0
roundT_squareT_pressureGate_squareT,252,26.19,0,,,,,0,92.0
roundT_squareT_pressureGate_squareT,253,26.3,0,,,,,0,94.0
roundT_squareT_pressureGate_squareT,254,26.41,0,,,,,0,94.0
roundT_squareT_pressureGate_squareT,255,26.49,0,,,,,0,90.0
roundT_squareT_pressureGate_squareT,256,26.59,0,,,,,0,90.0
roundT_squareT_pressureGate_squareT,257,26.68,0,,,,,0,90.0
roundT_squareT_pressureGate_squareT,258,26.79,0,,,,,0,84.0
roundT_squareT_pressureGate_squareT,259,26.9,0,,,,,0,84.0
roundT_squareT_pressureGate_squareT,260,26.99,0,,,,,0,86.0
roundT_squareT_pressureGate_squareT,261,27.09,0,,,,,0,82.0
roundT_squareT_pressureGate_squareT,262,27.18,0,,,,,0,80.0
roundT_squareT_pressureGate_squareT,263,27.28,0,,,,,0,78.0
roundT_squareT_pressureGate_squareT,264,27.39,0,,,,,0,78.0
roundT_squareT_pressureGate_squareT,265,27.49,0,,,,,0,78.0
roundT_squareT_pressureGate_squareT,266,27.6,0,,,,,0,76.0
roundT_squareT_pressureGate_squareT,267,27.69,0,,,,,0,76.0
roundT_squareT_pressureGate_squareT,268,27.79,0,,,,,0,92.0
roundT_squareT_pressureGate_squareT,269,27.89,0,,,,,0,70.0
roundT_squareT_pressureGate_squareT,270,27.99,0,,,,,0,68.0
roundT_squareT_pressureGate_squareT,271,28.08,0,,,,,0,102.0
roundT_squareT_pressureGate_squareT,272,28.18,0,,,,,0,70.0
roundT_squareT_pressureGate_squareT,273,28.3,0,,,,,0,66.0
roundT_squareT_pressureGate_squareT,274,28.39,0,,,,,0,96.0
roundT_squareT_pressureGate_squareT,275,28.5,0,,,,,0,66.0
roundT_squareT_pressureGate_squareT,276,28.58,0,,,,,0,62.0
roundT_squareT_pressureGate_squareT,277,28.68,0,,,,,0,62.0
roundT_squareT_pressureGate_squareT,278,28.78,0,,,,,0,58.0
roundT_squareT_pressureGate_squareT,279,28.88,0,,,,,0,114.0
roundT_squareT_pressureGate_squareT,280,28.98,0,,,,,0,58.0
roundT_squareT_pressureGate_squareT,281,29.09,0,,,,,0,108.0
roundT_squareT_pressureGate_squareT,282,29.19,0,,,,,0,106.0
roundT_squareT_pressureGate_squareT,283,29.29,0,,,,,0,108.0
roundT_squareT_pressureGate_squareT,284,29.38,0,,,,,0,50.0
roundT_squareT_pressureGate_squareT,285,29.49,0,,,,,0,122.0
roundT_squareT_pressureGate_squareT,286,29.59,0,,,,,0,50.0
roundT_squareT_pressureGate_squareT,287,29.71,0,,,,,0,120.0
roundT_squareT_pressureGate_squareT,288,29.78,0,,,,,0,116.0
roundT_squareT_pressureGate_squareT,289,29.9,0,,,,,0,98.0
roundT_squareT_pressureGate_squareT,290,29.99,0,,,,,0,116.0
roundT_squareT_pressureGate_squareT,291,30.1,0,,,,,0,110.0
roundT_squareT_pressureGate_squareT,292,30.19,0,,,,,0,46.0
roundT_squareT_pressureGate_squareT,293,30.28,0,,,,,0,44.0
roundT_squareT_pressureGate_squareT,294,30.39,0,,,,,0,102.0
roundT_squareT_pressureGate_squareT,295,30.49,0,,,,,0,40.0
roundT_squareT_pressureGate_squareT,296,30.6,0,,,,,0,84.0
roundT_squareT_pressureGate_squareT,297,30.7,0,,,,,0,82.0
roundT_squareT_pressureGate_squareT,298,30.8,0,,,,,0,104.0
roundT_squareT_pressureGate_squareT,299,30.9,0,,,,,0,90.0
roundT_squareT_pressureGate_squareT,300,31.0,0,,,,,0,78.0
roundT_squareT_pressureGate_squareT,301,31.09,0,,,,,0,92.0
roundT_squareT_pressureGate_squareT,302,31.2,0,,,,,0,82.0
roundT_squareT_pressureGate_squareT,303,31.29,0,,,,,0,98.0
roundT_squareT_pressureGate_squareT,304,31.39,0,,,,,0,104.0
roundT_squareT_pressureGate_squareT,305,31.52,0,,,,,0,96.0
roundT_squareT_pressureGate_squareT,306,31.59,0,,,,,0,76.0
roundT_squareT_pressureGate_squareT,307,31.7,0,,,,,0,116.0
roundT_squareT_pressureGate_squareT,308,31.8,1,124.7,-0.6,1.11,7,1,116.0
roundT_squareT_pressureGate_squareT,309,31.9,0,,,,,0,88.0
roundT_squareT_pressureGate_squareT,310,32.02,0,,,,,0,70.0
roundT_squareT_pressureGate_squareT,311,32.09,0,,,,,0,70.0
roundT_squareT_pressureGate_squareT,312,32.18,0,,,,,0,70.0
roundT_squareT_pressureGate_squareT,313,32.29,0,,,,,0,40.0
roundT_squareT_pressureGate_squareT,314,32.38,0,,,,,0,82.0
roundT_squareT_pressureGate_squareT,315,32.5,0,,,,,0,80.0
roundT_squareT_pressureGate_squareT,316,32.59,0,,,,,0,78.0
roundT_squareT_pressureGate_squareT,317,32.68,0,,,,,0,88.0
roundT_squareT_pressureGate_squareT,318,32.78,0,,,,,0,86.0
roundT_squareT_pressureGate_squareT,319,32.89,0,,,,,0,74.0
roundT_squareT_pressureGate_squareT,320,32.98,0,,,,,0,72.0
roundT_squareT_pressureGate_squareT,321,33.1,0,,,,,0,68.0
roundT_squareT_pressureGate_squareT,322,33.19,0,,,,,0,70.0
roundT_squareT_pressureGate_squareT,323,33.3,0,,,,,0,66.0
roundT_squareT_pressureGate_squareT,324,33.38,0,,,,,0,126.0
roundT_squareT_pressureGate_squareT,325,33.5,0,,,,,0,62.0
roundT_squareT_pressureGate_squareT,326,33.59,0,,,,,0,62.0
roundT_squareT_pressureGate_squareT,327,33.68,0,,,,,0,88.0
roundT_squareT_pressureGate_squareT,328,33.82,0,,,,,0,60.0
roundT_squareT_pressureGate_squareT,329,33.9,0,,,,,0,86.0
roundT_squareT_pressureGate_squareT,330,33.98,1,93.5,-0.76,0.65,6,1,84.0
roundT_squareT_pressureGate_squareT,331,34.09,0,,,,,0,56.0
roundT_squareT_pressureGate_squareT,332,34.19,1,90.5,-0.88,0.56,3,2,84.0
roundT_squareT_pressureGate_squareT,333,34.29,1,89.1,-0.81,0.64,6,1,80.0
roundT_squareT_pressureGate_squareT,334,34.39,0,,,,,0,116.0
roundT_squareT_pressureGate_squareT,335,34.49,1,86.2,-0.86,0.57,6,1,78.0
roundT_squareT_pressureGate_squareT,336,34.61,0,,,,,0,50.0
roundT_squareT_pressureGate_squareT,337,34.7,1,82.2,-0.84,1.1,9,1,74.0
roundT_squareT_pressureGate_squareT,338,34.81,1,80.7,-0.83,0.98,11,1,72.0
roundT_squareT_pressureGate_squareT,339,34.9,0,,,,,0,110.0
roundT_squareT_pressureGate_squareT,340,34.99,1,77.8,-0.85,0.97,13,1,68.0
roundT_squareT_pressureGate_squareT,341,35.08,1,76.3,-0.85,1.02,12,1,68.0
roundT_squareT_pressureGate_squareT,342,35.19,1,70.7,-0.61,1.7,30,2,74.0
roundT_squareT_pressureGate_squareT,343,35.3,1,71.4,-0.04,0.35,3,2,66.0
roundT_squareT_pressureGate_squareT,344,35.39,1,73.0,-0.88,0.67,6,1,64.0
roundT_squareT_pressureGate_squareT,345,35.5,1,70.5,-0.86,1.32,20,1,64.0
roundT_squareT_pressureGate_squareT,346,35.58,1,70.2,-0.88,0.67,7,1,62.0
roundT_squareT_pressureGate_squareT,347,35.7,1,67.7,-0.18,1.99,138,1,58.0
roundT_squareT_pressureGate_squareT,348,35.78,1,66.2,-0.84,1.22,19,1,58.0
roundT_squareT_pressureGate_squareT,349,35.89,1,71.0,-0.14,1.99,124,1,68.0
roundT_squareT_pressureGate_squareT,350,35.99,1,63.3,-0.98,1.05,3,2,56.0
roundT_squareT_pressureGate_squareT,351,36.09,1,61.9,-0.13,2.0,163,1,54.0
roundT_squareT_pressureGate_squareT,352,36.19,0,,,,,0,106.0
roundT_squareT_pressureGate_squareT,353,36.29,1,59.0,-0.2,2.0,176,1,50.0
roundT_squareT_pressureGate_squareT,354,36.38,0,,,,,0,82.0
roundT_squareT_pressureGate_squareT,355,36.5,1,56.1,-0.21,2.0,172,1,48.0
roundT_squareT_pressureGate_squareT,356,36.58,1,55.8,-0.9,1.28,20,1,50.0
roundT_squareT_pressureGate_squareT,357,36.68,1,53.3,-0.12,2.0,217,1,48.0
roundT_squareT_pressureGate_squareT,358,36.78,1,52.9,-0.87,1.38,32,1,46.0
roundT_squareT_pressureGate_squareT,359,36.89,1,56.8,-0.09,2.0,194,1,48.0
roundT_squareT_pressureGate_squareT,360,37.0,1,55.5,-0.15,1.99,186,1,46.0
roundT_squareT_pressureGate_squareT,361,37.09,0,,,,,0,98.0
roundT_squareT_pressureGate_squareT,362,37.19,1,55.4,-0.2,2.0,169,1,48.0
roundT_squareT_pressureGate_squareT,363,37.29,1,55.8,-0.08,1.99,193,1,56.0
roundT_squareT_pressureGate_squareT,364,37.38,0,,,,,0,100.0
roundT_squareT_pressureGate_squareT,365,37.48,0,,,,,0,66.0
roundT_squareT_pressureGate_squareT,366,37.6,0,,,,,0,98.0
roundT_squareT_pressureGate_squareT,367,37.69,0,,,,,0,98.0
roundT_squareT_pressureGate_squareT,368,37.79,0,,,,,0,76.0
roundT_squareT_pressureGate_squareT,369,37.88,0,,,,,0,64.0
roundT_squareT_pressureGate_squareT,370,37.98,0,,,,,0,58.0
roundT_squareT_pressureGate_squareT,371,38.08,0,,,,,0,52.0
roundT_squareT_pressureGate_squareT,372,38.21,0,,,,,0,98.0
roundT_squareT_pressureGate_squareT,373,38.28,0,,,,,0,98.0
roundT_squareT_pressureGate_squareT,374,38.39,0,,,,,0,68.0
roundT_squareT_pressureGate_squareT,375,38.48,0,,,,,0,98.0
roundT_squareT_pressureGate_squareT,376,38.59,0,,,,,0,98.0
roundT_squareT_pressureGate_squareT,377,38.7,0,,,,,0,94.0
roundT_squareT_pressureGate_squareT,378,38.78,0,,,,,0,96.0
roundT_squareT_pressureGate_squareT,379,38.89,0,,,,,0,96.0
roundT_squareT_pressureGate_squareT,380,38.98,1,46.0,-0.61,0.53,90,1,100.0
roundT_squareT_pressureGate_squareT,381,39.08,1,57.1,-0.95,0.25,4,3,96.0
roundT_squareT_pressureGate_squareT,382,39.19,0,,,,,0,10.0
roundT_squareT_pressureGate_squareT,383,39.28,1,56.5,-0.16,1.99,160,1,52.0
roundT_squareT_pressureGate_squareT,384,39.39,0,,,,,0,40.0
roundT_squareT_pressureGate_squareT,385,39.48,0,,,,,0,10.0
roundT_squareT_pressureGate_squareT,386,39.59,0,,,,,0,54.0
roundT_squareT_pressureGate_squareT,387,39.68,1,54.4,-0.15,1.99,162,1,52.0
roundT_squareT_pressureGate_squareT,388,39.78,0,,,,,0,96.0
roundT_squareT_pressureGate_squareT,389,39.88,1,56.2,-0.1,1.94,154,1,52.0
roundT_squareT_pressureGate_squareT,390,39.99,1,60.5,-0.08,2.0,128,1,58.0
roundT_squareT_pressureGate_squareT,391,40.09,0,,,,,0,94.0
roundT_squareT_pressureGate_squareT,392,40.18,0,,,,,0,48.0
roundT_squareT_pressureGate_squareT,393,40.29,0,,,,,0,46.0
roundT_squareT_pressureGate_squareT,394,40.39,1,54.0,-0.02,1.93,161,1,48.0
roundT_squareT_pressureGate_squareT,395,40.49,1,49.8,-0.17,1.99,190,1,42.0
roundT_squareT_pressureGate_squareT,396,40.58,0,,,,,0,72.0
roundT_squareT_pressureGate_squareT,397,40.69,0,,,,,0,64.0
roundT_squareT_pressureGate_squareT,398,40.79,0,,,,,0,98.0
roundT_squareT_pressureGate_squareT,399,40.89,0,,,,,0,90.0
roundT_squareT_pressureGate_squareT,400,40.99,0,,,,,0,54.0
roundT_squareT_pressureGate_squareT,401,41.1,0,,,,,0,90.0
roundT_squareT_pressureGate_squareT,402,41.18,0,,,,,0,98.0
roundT_squareT_pressureGate_squareT,403,41.28,0,,,,,0,92.0
roundT_squareT_pressureGate_squareT,404,41.38,0,,,,,0,90.0
roundT_squareT_pressureGate_squareT,405,41.48,0,,,,,0,94.0
roundT_squareT_pressureGate_squareT,406,41.58,1,62.7,-0.12,1.99,127,1,58.0
roundT_squareT_pressureGate_squareT,407,41.69,1,53.1,-0.83,0.41,26,3,94.0
roundT_squareT_pressureGate_squareT,408,41.79,1,51.3,-0.86,0.18,5,2,96.0
roundT_squareT_pressureGate_squareT,409,41.89,1,65.9,-0.15,1.99,99,1,62.0
roundT_squareT_pressureGate_squareT,410,41.99,0,,,,,0,96.0
roundT_squareT_pressureGate_squareT,411,42.08,1,52.7,-0.78,0.17,5,2,86.0
roundT_squareT_pressureGate_squareT,412,42.19,1,49.2,0.68,0.38,8,3,100.0
roundT_squareT_pressureGate_squareT,413,42.28,1,50.4,-0.17,2.0,201,1,50.0
roundT_squareT_pressureGate_squareT,414,42.38,1,51.4,-0.07,2.0,183,1,52.0
roundT_squareT_pressureGate_squareT,415,42.48,1,51.9,0.01,2.0,162,1,50.0
roundT_squareT_pressureGate_squareT,416,42.59,0,,,,,0,98.0
roundT_squareT_pressureGate_squareT,417,42.68,1,50.6,-0.11,1.94,189,1,44.0
roundT_squareT_pressureGate_squareT,418,42.78,0,,,,,0,92.0
roundT_squareT_pressureGate_squareT,419,42.88,1,52.4,-0.84,0.33,21,1,98.0
roundT_squareT_pressureGate_squareT,420,42.98,1,50.6,-0.23,1.99,193,1,46.0
roundT_squareT_pressureGate_squareT,421,43.08,1,52.4,-0.81,0.42,27,1,88.0
roundT_squareT_pressureGate_squareT,422,43.18,1,65.8,-0.79,0.65,25,2,98.0
roundT_squareT_pressureGate_squareT,423,43.28,1,50.9,-0.14,1.99,177,1,44.0
roundT_squareT_pressureGate_squareT,424,43.38,0,,,,,0,96.0
roundT_squareT_pressureGate_squareT,425,43.48,1,50.3,-0.13,1.99,200,1,44.0
roundT_squareT_pressureGate_squareT,426,43.58,0,,,,,0,96.0
roundT_squareT_pressureGate_squareT,427,43.68,0,,,,,0,98.0
roundT_squareT_pressureGate_squareT,428,43.78,0,,,,,0,100.0
roundT_squareT_pressureGate_squareT,429,43.88,0,,,,,0,54.0
roundT_squareT_pressureGate_squareT,430,43.98,0,,,,,0,100.0
roundT_squareT_pressureGate_squareT,431,44.08,0,,,,,0,74.0
roundT_squareT_pressureGate_squareT,432,44.18,0,,,,,0,98.0
roundT_squareT_pressureGate_squareT,433,44.28,0,,,,,0,72.0
roundT_squareT_pressureGate_squareT,434,44.38,0,,,,,0,60.0
roundT_squareT_pressureGate_squareT,435,44.48,1,72.5,-0.9,1.18,6,1,68.0
roundT_squareT_pressureGate_squareT,436,44.58,0,,,,,0,60.0
roundT_squareT_pressureGate_squareT,437,44.68,1,69.9,-0.97,0.7,3,1,66.0
roundT_squareT_pressureGate_squareT,438,44.78,0,,,,,0,52.0
roundT_squareT_pressureGate_squareT,439,44.88,0,,,,,0,64.0
roundT_squareT_pressureGate_squareT,440,44.98,0,,,,,0,86.0
roundT_squareT_pressureGate_squareT,441,45.08,0,,,,,0,56.0
roundT_squareT_pressureGate_squareT,442,45.18,1,51.6,-0.15,0.3,7,1,72.0
roundT_squareT_pressureGate_squareT,443,45.28,0,,,,,0,100.0
roundT_squareT_pressureGate_squareT,444,45.38,0,,,,,0,56.0
roundT_squareT_pressureGate_squareT,445,45.48,0,,,,,0,78.0
roundT_squareT_pressureGate_squareT,446,45.58,0,,,,,0,50.0
roundT_squareT_pressureGate_squareT,447,45.68,0,,,,,0,48.0
roundT_squareT_pressureGate_squareT,448,45.78,0,,,,,0,52.0
roundT_squareT_pressureGate_squareT,449,45.88,1,50.9,-0.21,2.0,209,1,44.0
roundT_squareT_pressureGate_squareT,450,45.98,0,,,,,0,62.0
roundT_squareT_pressureGate_squareT,451,46.08,0,,,,,0,72.0
roundT_squareT_pressureGate_squareT,452,46.18,0,,,,,0,44.0
roundT_squareT_pressureGate_squareT,453,46.28,1,49.5,-0.88,0.39,6,1,44.0
roundT_squareT_pressureGate_squareT,454,46.39,0,,,,,0,68.0
roundT_squareT_pressureGate_squareT,455,46.48,0,,,,,0,82.0
roundT_squareT_pressureGate_squareT,456,46.58,1,49.4,-0.11,2.0,212,1,42.0
roundT_squareT_pressureGate_squareT,457,46.68,1,50.6,-0.28,1.99,220,1,44.0
roundT_squareT_pressureGate_squareT,458,46.78,1,50.2,-0.19,1.99,203,1,44.0
roundT_squareT_pressureGate_squareT,459,46.89,1,49.0,-0.23,1.99,208,1,42.0
roundT_squareT_pressureGate_squareT,460,46.98,1,47.8,-0.17,1.98,206,1,42.0
roundT_squareT_pressureGate_squareT,461,47.08,0,,,,,0,70.0
roundT_squareT_pressureGate_squareT,462,47.18,0,,,,,0,70.0
roundT_squareT_pressureGate_squareT,463,47.28,1,75.1,-0.3,1.96,74,1,70.0
roundT_squareT_pressureGate_squareT,464,47.38,0,,,,,0,10.0
roundT_squareT_pressureGate_squareT,465,47.48,0,,,,,0,48.0
roundT_squareT_pressureGate_squareT,466,47.58,1,69.2,-0.92,0.7,4,1,66.0
roundT_squareT_pressureGate_squareT,467,47.68,0,,,,,0,84.0
roundT_squareT_pressureGate_squareT,468,47.78,0,,,,,0,60.0
roundT_squareT_pressureGate_squareT,469,47.88,0,,,,,0,60.0
roundT_squareT_pressureGate_squareT,470,47.98,1,63.7,-0.23,1.96,138,1,58.0
roundT_squareT_pressureGate_squareT,471,48.08,0,,,,,0,100.0
roundT_squareT_pressureGate_squareT,472,48.18,0,,,,,0,10.0
roundT_squareT_pressureGate_squareT,473,48.28,0,,,,,0,46.0
roundT_squareT_pressureGate_squareT,474,48.38,0,,,,,0,54.0
roundT_squareT_pressureGate_squareT,475,48.49,0,,,,,0,54.0
roundT_squareT_pressureGate_squareT,476,48.58,0,,,,,0,42.0
roundT_squareT_pressureGate_squareT,477,48.68,1,50.4,-0.08,1.99,215,1,44.0
roundT_squareT_pressureGate_squareT,478,48.78,1,55.0,-0.91,0.67,6,2,50.0
roundT_squareT_pressureGate_squareT,479,48.88,1,51.8,-0.86,0.93,12,2,46.0
roundT_squareT_pressureGate_squareT,480,48.98,0,,,,,0,92.0
roundT_squareT_pressureGate_squareT,481,49.08,1,49.1,-0.91,0.71,8,2,44.0
roundT_squareT_pressureGate_squareT,482,49.18,0,,,,,0,96.0
roundT_squareT_pressureGate_squareT,483,49.28,1,48.3,-0.13,1.99,196,1,42.0
roundT_squareT_pressureGate_squareT,484,49.38,1,45.1,-0.91,0.79,7,1,40.0
roundT_squareT_pressureGate_squareT,485,49.48,1,45.5,-0.22,1.99,242,1,40.0
roundT_squareT_pressureGate_squareT,486,49.58,1,45.9,-0.83,1.3,30,1,38.0
roundT_squareT_pressureGate_squareT,487,49.68,0,,,,,0,96.0
roundT_squareT_pressureGate_squareT,488,49.78,0,,,,,0,98.0
roundT_squareT_pressureGate_squareT,489,49.89,0,,,,,0,100.0
roundT_squareT_pressureGate_squareT,490,49.98,0,,,,,0,100.0
roundT_squareT_pressureGate_squareT,491,50.08,0,,,,,0,54.0
roundT_squareT_pressureGate_squareT,492,50.18,0,,,,,0,98.0
roundT_squareT_pressureGate_squareT,493,50.28,0,,,,,0,62.0
roundT_squareT_pressureGate_squareT,494,50.38,0,,,,,0,98.0
roundT_squareT_pressureGate_squareT,495,50.48,0,,,,,0,48.0
roundT_squareT_pressureGate_squareT,496,50.58,0,,,,,0,46.0
roundT_squareT_pressureGate_squareT,497,50.68,0,,,,,0,100.0
roundT_squareT_pressureGate_squareT,498,50.78,0,,,,,0,50.0
roundT_squareT_pressureGate_squareT,499,50.88,0,,,,,0,100.0
roundT_squareT_pressureGate_squareT,500,50.98,0,,,,,0,42.0
roundT_squareT_pressureGate_squareT,501,51.08,0,,,,,0,62.0
roundT_squareT_pressureGate_squareT,502,51.18,0,,,,,0,44.0
roundT_squareT_pressureGate_squareT,503,51.28,1,47.7,-0.01,2.0,233,1,46.0
roundT_squareT_pressureGate_squareT,504,51.38,1,50.3,-0.04,1.99,174,1,60.0
roundT_squareT_pressureGate_squareT,505,51.48,0,,,,,0,82.0
roundT_squareT_pressureGate_squareT,506,51.58,0,,,,,0,80.0
roundT_squareT_pressureGate_squareT,507,51.68,0,,,,,0,64.0
roundT_squareT_pressureGate_squareT,508,51.78,0,,,,,0,98.0
roundT_squareT_pressureGate_squareT,509,51.89,0,,,,,0,48.0
roundT_squareT_pressureGate_squareT,510,51.98,0,,,,,0,86.0
roundT_squareT_pressureGate_squareT,511,52.08,0,,,,,0,46.0
roundT_squareT_pressureGate_squareT,512,52.18,1,52.0,-0.16,2.0,187,1,48.0
roundT_squareT_pressureGate_squareT,513,52.28,1,55.2,-0.15,1.9,164,1,54.0
roundT_squareT_pressureGate_squareT,514,52.38,0,,,,,0,96.0
roundT_squareT_pressureGate_squareT,515,52.48,0,,,,,0,60.0
roundT_squareT_pressureGate_squareT,516,52.59,1,50.6,-0.03,2.0,202,1,52.0
roundT_squareT_pressureGate_squareT,517,52.68,0,,,,,0,66.0
roundT_squareT_pressureGate_squareT,518,52.78,0,,,,,0,64.0
roundT_squareT_pressureGate_squareT,519,52.88,1,68.1,-0.96,1.02,4,2,64.0
roundT_squareT_pressureGate_squareT,520,52.98,0,,,,,0,38.0
roundT_squareT_pressureGate_squareT,521,53.08,1,45.8,-0.14,1.99,236,1,38.0
roundT_squareT_pressureGate_squareT,522,53.18,1,64.1,-0.93,1.06,11,1,60.0
roundT_squareT_pressureGate_squareT,523,53.29,0,,,,,0,96.0
roundT_squareT_pressureGate_squareT,524,53.38,0,,,,,0,56.0
roundT_squareT_pressureGate_squareT,525,53.48,1,60.2,-0.9,0.96,11,2,56.0
roundT_squareT_pressureGate_squareT,526,53.58,1,61.1,-0.73,0.53,10,2,56.0
roundT_squareT_pressureGate_squareT,527,53.68,0,,,,,0,52.0
roundT_squareT_pressureGate_squareT,528,53.78,1,64.6,-0.09,1.96,113,1,62.0
roundT_squareT_pressureGate_squareT,529,53.88,1,63.3,-0.03,1.97,120,1,60.0
roundT_squareT_pressureGate_squareT,530,53.98,1,61.3,0.46,1.96,66,1,56.0
roundT_squareT_pressureGate_squareT,531,54.08,1,61.9,-0.14,1.96,122,1,56.0
roundT_squareT_pressureGate_squareT,532,54.18,0,,,,,0,96.0
roundT_squareT_pressureGate_squareT,533,54.28,0,,,,,0,96.0
roundT_squareT_pressureGate_squareT,534,54.38,1,57.7,-0.15,1.93,140,1,52.0
roundT_squareT_pressureGate_squareT,535,54.48,0,,,,,0,94.0
roundT_squareT_pressureGate_squareT,536,54.58,0,,,,,0,48.0
roundT_squareT_pressureGate_squareT,537,54.68,1,54.0,-0.14,1.9,159,1,48.0
roundT_squareT_pressureGate_squareT,538,54.78,0,,,,,0,10.0
roundT_squareT_pressureGate_squareT,539,54.88,1,51.7,-0.14,1.99,195,1,44.0
roundT_squareT_pressureGate_squareT,540,54.98,1,51.3,-0.11,2.0,194,1,44.0
roundT_squareT_pressureGate_squareT,541,55.08,1,50.0,-0.22,1.98,191,1,40.0
roundT_squareT_pressureGate_squareT,542,55.18,0,,,,,0,96.0
roundT_squareT_pressureGate_squareT,543,55.28,0,,,,,0,96.0
roundT_squareT_pressureGate_squareT,544,55.38,1,52.8,-0.12,1.99,180,1,48.0
squareT_platform_squareT_switch,0,0.0,0,,,,,0,110.0
squareT_platform_squareT_switch,1,0.1,0,,,,,0,130.0
squareT_platform_squareT_switch,2,0.2,0,,,,,0,132.0
squareT_platform_squareT_switch,3,0.3,0,,,,,0,132.0
squareT_platform_squareT_switch,4,0.4,0,,,,,0,130.0
squareT_platform_squareT_switch,5,0.5,0,,,,,0,128.0
squareT_platform_squareT_switch,6,0.6,0,,,,,0,114.0
squareT_platform_squareT_switch,7,0.69,0,,,,,0,116.0
squareT_platform_squareT_switch,8,0.8,0,,,,,0,124.0
squareT_platform_squareT_switch,9,0.9,0,,,,,0,124.0
squareT_platform_squareT_switch,10,1.0,0,,,,,0,122.0
squareT_platform_squareT_switch,11,1.1,0,,,,,0,122.0
squareT_platform_squareT_switch,12,1.2,0,,,,,0,122.0
squareT_platform_squareT_switch,13,1.3,0,,,,,0,120.0
squareT_platform_squareT_switch,14,1.39,0,,,,,0,116.0
squareT_platform_squareT_switch,15,1.5,0,,,,,0,116.0
squareT_platform_squareT_switch,16,1.6,0,,,,,0,116.0
squareT_platform_squareT_switch,17,1.69,0,,,,,0,112.0
squareT_platform_squareT_switch,18,1.79,0,,,,,0,114.0
squareT_platform_squareT_switch,19,1.9,0,,,,,0,110.0
squareT_platform_squareT_switch,20,2.0,0,,,,,0,110.0
squareT_platform_squareT_switch,21,2.1,0,,,,,0,106.0
squareT_platform_squareT_switch,22,2.2,0,,,,,0,106.0
squareT_platform_squareT_switch,23,2.3,0,,,,,0,108.0
squareT_platform_squareT_switch,24,2.4,0,,,,,0,104.0
squareT_platform_squareT_switch,25,2.5,0,,,,,0,104.0
squareT_platform_squareT_switch,26,2.6,0,,,,,0,104.0
squareT_platform_squareT_switch,27,2.7,0,,,,,0,102.0
squareT_platform_squareT_switch,28,2.8,0,,,,,0,100.0
squareT_platform_squareT_switch,29,2.9,0,,,,,0,96.0
squareT_platform_squareT_switch,30,3.0,0,,,,,0,96.0
squareT_platform_squareT_switch,31,3.11,0,,,,,0,96.0
squareT_platform_squareT_switch,32,3.2,0,,,,,0,92.0
squareT_platform_squareT_switch,33,3.29,0,,,,,0,94.0
squareT_platform_squareT_switch,34,3.4,0,,,,,0,92.0
squareT_platform_squareT_switch,35,3.49,0,,,,,0,92.0
squareT_platform_squareT_switch,36,3.6,0,,,,,0,88.0
squareT_platform_squareT_switch,37,3.69,0,,,,,0,88.0
squareT_platform_squareT_switch,38,3.8,0,,,,,0,88.0
squareT_platform_squareT_switch,39,3.9,0,,,,,0,86.0
squareT_platform_squareT_switch,40,4.0,0,,,,,0,84.0
squareT_platform_squareT_switch,41,4.1,0,,,,,0,82.0
squareT_platform_squareT_switch,42,4.2,0,,,,,0,94.0
squareT_platform_squareT_switch,43,4.3,0,,,,,0,80.0
squareT_platform_squareT_switch,44,4.39,0,,,,,0,80.0
squareT_platform_squareT_switch,45,4.5,0,,,,,0,86.0
squareT_platform_squareT_switch,46,4.6,0,,,,,0,76.0
squareT_platform_squareT_switch,47,4.7,0,,,,,0,84.0
squareT_platform_squareT_switch,48,4.8,0,,,,,0,72.0
squareT_platform_squareT_switch,49,4.9,0,,,,,0,76.0
squareT_platform_squareT_switch,50,4.99,0,,,,,0,72.0
squareT_platform_squareT_switch,51,5.1,0,,,,,0,70.0
squareT_platform_squareT_switch,52,5.19,0,,,,,0,68.0
squareT_platform_squareT_switch,53,5.3,0,,,,,0,66.0
squareT_platform_squareT_switch,54,5.39,0,,,,,0,64.0
squareT_platform_squareT_switch,55,5.49,0,,,,,0,72.0
squareT_platform_squareT_switch,56,5.6,0,,,,,0,72.0
squareT_platform_squareT_switch,57,5.7,0,,,,,0,76.0
squareT_platform_squareT_switch,58,5.8,0,,,,,0,76.0
squareT_platform_squareT_switch,59,5.9,0,,,,,0,76.0
squareT_platform_squareT_switch,60,6.0,0,,,,,0,76.0
squareT_platform_squareT_switch,61,6.1,0,,,,,0,74.0
squareT_platform_squareT_switch,62,6.2,0,,,,,0,64.0
squareT_platform_squareT_switch,63,6.3,0,,,,,0,84.0
squareT_platform_squareT_switch,64,6.4,0,,,,,0,84.0
squareT_platform_squareT_switch,65,6.5,0,,,,,0,84.0
squareT_platform_squareT_switch,66,6.6,0,,,,,0,70.0
squareT_platform_squareT_switch,67,6.7,0,,,,,0,74.0
squareT_platform_squareT_switch,68,6.8,0,,,,,0,84.0
squareT_platform_squareT_switch,69,6.9,0,,,,,0,76.0
squareT_platform_squareT_switch,70,6.99,0,,,,,0,76.0
squareT_platform_squareT_switch,71,7.1,0,,,,,0,76.0
squareT_platform_squareT_switch,72,7.2,0,,,,,0,76.0
squareT_platform_squareT_switch,73,7.3,0,,,,,0,78.0
squareT_platform_squareT_switch,74,7.41,0,,,,,0,76.0
squareT_platform_squareT_switch,75,7.51,0,,,,,0,110.0
squareT_platform_squareT_switch,76,7.6,0,,,,,0,74.0
squareT_platform_squareT_switch,77,7.7,0,,,,,0,68.0
squareT_platform_squareT_switch,78,7.81,0,,,,,0,68.0
squareT_platform_squareT_switch,79,7.9,0,,,,,0,82.0
squareT_platform_squareT_switch,80,8.0,0,,,,,0,80.0
squareT_platform_squareT_switch,81,8.1,0,,,,,0,74.0
squareT_platform_squareT_switch,82,8.2,0,,,,,0,74.0
squareT_platform_squareT_switch,83,8.3,0,,,,,0,76.0
squareT_platform_squareT_switch,84,8.4,0,,,,,0,74.0
squareT_platform_squareT_switch,85,8.49,0,,,,,0,76.0
squareT_platform_squareT_switch,86,8.59,0,,,,,0,64.0
squareT_platform_squareT_switch,87,8.7,0,,,,,0,68.0
squareT_platform_squareT_switch,88,8.8,0,,,,,0,92.0
squareT_platform_squareT_switch,89,8.9,0,,,,,0,70.0
squareT_platform_squareT_switch,90,9.0,0,,,,,0,86.0
squareT_platform_squareT_switch,91,9.1,0,,,,,0,68.0
squareT_platform_squareT_switch,92,9.2,0,,,,,0,66.0
squareT_platform_squareT_switch,93,9.3,0,,,,,0,68.0
squareT_platform_squareT_switch,94,9.4,0,,,,,0,78.0
squareT_platform_squareT_switch,95,9.5,0,,,,,0,80.0
squareT_platform_squareT_switch,96,9.6,0,,,,,0,78.0
squareT_platform_squareT_switch,97,9.7,0,,,,,0,72.0
squareT_platform_squareT_switch,98,9.79,0,,,,,0,64.0
squareT_platform_squareT_switch,99,9.89,0,,,,,0,70.0
squareT_platform_squareT_switch,100,10.0,0,,,,,0,78.0
squareT_platform_squareT_switch,101,10.1,0,,,,,0,68.0
squareT_platform_squareT_switch,102,10.19,0,,,,,0,80.0
squareT_platform_squareT_switch,103,10.3,0,,,,,0,70.0
squareT_platform_squareT_switch,104,10.4,0,,,,,0,84.0
squareT_platform_squareT_switch,105,10.5,0,,,,,0,76.0
squareT_platform_squareT_switch,106,10.59,0,,,,,0,80.0
squareT_platform_squareT_switch,107,10.69,0,,,,,0,78.0
squareT_platform_squareT_switch,108,10.8,0,,,,,0,64.0
squareT_platform_squareT_switch,109,10.9,0,,,,,0,68.0
squareT_platform_squareT_switch,110,11.0,0,,,,,0,82.0
squareT_platform_squareT_switch,111,11.1,0,,,,,0,72.0
squareT_platform_squareT_switch,112,11.2,0,,,,,0,68.0
squareT_platform_squareT_switch,113,11.3,0,,,,,0,74.0
squareT_platform_squareT_switch,114,11.4,0,,,,,0,70.0
squareT_platform_squareT_switch,115,11.5,0,,,,,0,70.0
squareT_platform_squareT_switch,116,11.6,0,,,,,0,64.0
squareT_platform_squareT_switch,117,11.7,0,,,,,0,68.0
squareT_platform_squareT_switch,118,11.8,0,,,,,0,76.0
squareT_platform_squareT_switch,119,11.9,0,,,,,0,80.0
squareT_platform_squareT_switch,120,12.0,0,,,,,0,76.0
squareT_platform_squareT_switch,121,12.1,0,,,,,0,64.0
squareT_platform_squareT_switch,122,12.19,0,,,,,0,60.0
squareT_platform_squareT_switch,123,12.3,0,,,,,0,84.0
squareT_platform_squareT_switch,124,12.4,0,,,,,0,84.0
squareT_platform_squareT_switch,125,12.5,0,,,,,0,66.0
squareT_platform_squareT_switch,126,12.6,0,,,,,0,70.0
squareT_platform_squareT_switch,127,12.7,0,,,,,0,100.0
squareT_platform_squareT_switch,128,12.8,0,,,,,0,78.0
squareT_platform_squareT_switch,129,12.9,0,,,,,0,74.0
squareT_platform_squareT_switch,130,13.0,0,,,,,0,68.0
squareT_platform_squareT_switch,131,13.1,0,,,,,0,74.0
squareT_platform_squareT_switch,132,13.2,0,,,,,0,72.0
squareT_platform_squareT_switch,133,13.3,0,,,,,0,72.0
squareT_platform_squareT_switch,134,13.4,0,,,,,0,74.0
squareT_platform_squareT_switch,135,13.5,0,,,,,0,88.0
squareT_platform_squareT_switch,136,13.6,0,,,,,0,70.0
squareT_platform_squareT_switch,137,14.3,0,,,,,0,80.0
squareT_platform_squareT_switch,138,14.4,0,,,,,0,76.0
squareT_platform_squareT_switch,139,14.5,0,,,,,0,70.0
squareT_platform_squareT_switch,140,14.6,0,,,,,0,66.0
squareT_platform_squareT_switch,141,14.7,0,,,,,0,74.0
squareT_platform_squareT_switch,142,14.8,0,,,,,0,68.0
squareT_platform_squareT_switch,143,14.9,0,,,,,0,128.0
squareT_platform_squareT_switch,144,15.0,0,,,,,0,74.0
squareT_platform_squareT_switch,145,15.09,0,,,,,0,72.0
squareT_platform_squareT_switch,146,15.19,0,,,,,0,68.0
squareT_platform_squareT_switch,147,15.3,0,,,,,0,70.0
squareT_platform_squareT_switch,148,15.4,0,,,,,0,122.0
squareT_platform_squareT_switch,149,15.5,0,,,,,0,64.0
squareT_platform_squareT_switch,150,15.6,0,,,,,0,82.0
squareT_platform_squareT_switch,151,15.7,0,,,,,0,116.0
squareT_platform_squareT_switch,152,15.8,0,,,,,0,118.0
squareT_platform_squareT_switch,153,15.9,0,,,,,0,116.0
squareT_platform_squareT_switch,154,16.0,0,,,,,0,64.0
squareT_platform_squareT_switch,155,16.1,0,,,,,0,114.0
squareT_platform_squareT_switch,156,16.2,0,,,,,0,76.0
squareT_platform_squareT_switch,157,16.3,0,,,,,0,74.0
squareT_platform_squareT_switch,158,16.4,0,,,,,0,74.0
squareT_platform_squareT_switch,159,16.5,0,,,,,0,108.0
squareT_platform_squareT_switch,160,16.6,0,,,,,0,110.0
squareT_platform_squareT_switch,161,16.7,0,,,,,0,108.0
squareT_platform_squareT_switch,162,16.8,0,,,,,0,106.0
squareT_platform_squareT_switch,163,16.91,0,,,,,0,106.0
squareT_platform_squareT_switch,164,17.0,0,,,,,0,106.0
squareT_platform_squareT_switch,165,17.1,0,,,,,0,106.0
squareT_platform_squareT_switch,166,17.2,0,,,,,0,132.0
squareT_platform_squareT_switch,167,17.3,0,,,,,0,102.0
squareT_platform_squareT_switch,168,17.4,0,,,,,0,100.0
squareT_platform_squareT_switch,169,17.5,0,,,,,0,112.0
squareT_platform_squareT_switch,170,17.6,0,,,,,0,98.0
squareT_platform_squareT_switch,171,17.7,0,,,,,0,98.0
squareT_platform_squareT_switch,172,17.8,0,,,,,0,104.0
squareT_platform_squareT_switch,173,17.9,0,,,,,0,94.0
squareT_platform_squareT_switch,174,18.0,0,,,,,0,108.0
squareT_platform_squareT_switch,175,18.11,0,,,,,0,120.0
squareT_platform_squareT_switch,176,18.2,0,,,,,0,106.0
squareT_platform_squareT_switch,177,18.29,0,,,,,0,118.0
squareT_platform_squareT_switch,178,18.4,0,,,,,0,106.0
squareT_platform_squareT_switch,179,18.5,0,,,,,0,106.0
squareT_platform_squareT_switch,180,18.6,0,,,,,0,88.0
squareT_platform_squareT_switch,181,18.7,0,,,,,0,114.0
squareT_platform_squareT_switch,182,18.8,0,,,,,0,102.0
squareT_platform_squareT_switch,183,18.9,0,,,,,0,100.0
squareT_platform_squareT_switch,184,19.0,0,,,,,0,94.0
squareT_platform_squareT_switch,185,19.1,0,,,,,0,94.0
squareT_platform_squareT_switch,186,19.2,0,,,,,0,92.0
squareT_platform_squareT_switch,187,19.29,0,,,,,0,96.0
squareT_platform_squareT_switch,188,19.4,0,,,,,0,128.0
squareT_platform_squareT_switch,189,19.5,0,,,,,0,138.0
squareT_platform_squareT_switch,190,19.6,0,,,,,0,94.0
squareT_platform_squareT_switch,191,19.69,0,,,,,0,96.0
squareT_platform_squareT_switch,192,19.8,0,,,,,0,88.0
squareT_platform_squareT_switch,193,19.9,0,,,,,0,124.0
squareT_platform_squareT_switch,194,19.99,0,,,,,0,104.0
squareT_platform_squareT_switch,195,20.09,0,,,,,0,100.0
squareT_platform_squareT_switch,196,20.2,0,,,,,0,92.0
squareT_platform_squareT_switch,197,20.3,0,,,,,0,100.0
squareT_platform_squareT_switch,198,20.4,0,,,,,0,116.0
squareT_platform_squareT_switch,199,20.5,0,,,,,0,120.0
squareT_platform_squareT_switch,200,20.6,0,,,,,0,98.0
squareT_platform_squareT_switch,201,20.7,0,,,,,0,122.0
squareT_platform_squareT_switch,202,20.8,0,,,,,0,100.0
squareT_platform_squareT_switch,203,20.9,0,,,,,0,84.0
squareT_platform_squareT_switch,204,21.0,0,,,,,0,80.0
squareT_platform_squareT_switch,205,21.1,0,,,,,0,96.0
squareT_platform_squareT_switch,206,21.2,0,,,,,0,94.0
squareT_platform_squareT_switch,207,21.3,0,,,,,0,116.0
squareT_platform_squareT_switch,208,21.4,0,,,,,0,76.0
squareT_platform_squareT_switch,209,21.5,0,,,,,0,94.0
squareT_platform_squareT_switch,210,21.6,0,,,,,0,82.0
squareT_platform_squareT_switch,211,21.7,0,,,,,0,116.0
squareT_platform_squareT_switch,212,21.8,0,,,,,0,80.0
squareT_platform_squareT_switch,213,21.89,0,,,,,0,90.0
squareT_platform_squareT_switch,214,22.0,0,,,,,0,110.0
squareT_platform_squareT_switch,215,22.1,0,,,,,0,122.0
squareT_platform_squareT_switch,216,22.2,0,,,,,0,86.0
squareT_platform_squareT_switch,217,22.3,0,,,,,0,78.0
squareT_platform_squareT_switch,218,22.4,0,,,,,0,114.0
squareT_platform_squareT_switch,219,22.5,0,,,,,0,86.0
squareT_platform_squareT_switch,220,22.6,0,,,,,0,110.0
squareT_platform_squareT_switch,221,22.7,0,,,,,0,84.0
squareT_platform_squareT_switch,222,22.8,0,,,,,0,84.0
squareT_platform_squareT_switch,223,22.9,0,,,,,0,108.0
squareT_platform_squareT_switch,224,23.0,0,,,,,0,104.0
squareT_platform_squareT_switch,225,23.1,0,,,,,0,72.0
squareT_platform_squareT_switch,226,23.2,0,,,,,0,106.0
squareT_platform_squareT_switch,227,23.3,0,,,,,0,104.0
squareT_platform_squareT_switch,228,23.4,0,,,,,0,66.0
squareT_platform_squareT_switch,229,23.5,0,,,,,0,104.0
squareT_platform_squareT_switch,230,23.6,0,,,,,0,102.0
squareT_platform_squareT_switch,231,23.7,0,,,,,0,104.0
squareT_platform_squareT_switch,232,23.8,0,,,,,0,104.0
squareT_platform_squareT_switch,233,23.89,0,,,,,0,62.0
squareT_platform_squareT_switch,234,24.0,0,,,,,0,102.0
squareT_platform_squareT_switch,235,24.09,0,,,,,0,98.0
squareT_platform_squareT_switch,236,24.2,0,,,,,0,100.0
squareT_platform_squareT_switch,237,24.3,0,,,,,0,102.0
squareT_platform_squareT_switch,238,24.39,0,,,,,0,66.0
squareT_platform_squareT_switch,239,24.5,0,,,,,0,100.0
squareT_platform_squareT_switch,240,24.6,0,,,,,0,98.0
squareT_platform_squareT_switch,241,24.7,0,,,,,0,98.0
squareT_platform_squareT_switch,242,24.8,0,,,,,0,100.0
squareT_platform_squareT_switch,243,24.9,0,,,,,0,62.0
squareT_platform_squareT_switch,244,25.0,0,,,,,0,98.0
squareT_platform_squareT_switch,245,25.1,0,,,,,0,62.0
squareT_platform_squareT_switch,246,25.2,0,,,,,0,98.0
squareT_platform_squareT_switch,247,25.3,0,,,,,0,96.0
squareT_platform_squareT_switch,248,25.4,0,,,,,0,98.0
squareT_platform_squareT_switch,249,25.5,0,,,,,0,98.0
squareT_platform_squareT_switch,250,25.6,0,,,,,0,94.0
squareT_platform_squareT_switch,251,25.7,0,,,,,0,98.0
squareT_platform_squareT_switch,252,25.8,0,,,,,0,96.0
squareT_platform_squareT_switch,253,25.9,0,,,,,0,96.0
squareT_platform_squareT_switch,254,26.0,0,,,,,0,96.0
squareT_platform_squareT_switch,255,26.1,0,,,,,0,94.0
squareT_platform_squareT_switch,256,26.2,0,,,,,0,100.0
squareT_platform_squareT_switch,257,26.3,0,,,,,0,92.0
squareT_platform_squareT_switch,258,26.4,0,,,,,0,94.0
squareT_platform_squareT_switch,259,26.5,0,,,,,0,96.0
squareT_platform_squareT_switch,260,26.6,0,,,,,0,102.0
squareT_platform_squareT_switch,261,26.7,0,,,,,0,104.0
squareT_platform_squareT_switch,262,26.8,0,,,,,0,94.0
squareT_platform_squareT_switch,263,26.9,0,,,,,0,94.0
squareT_platform_squareT_switch,264,26.99,0,,,,,0,92.0
squareT_platform_squareT_switch,265,27.1,0,,,,,0,92.0
squareT_platform_squareT_switch,266,27.2,0,,,,,0,98.0
squareT_platform_squareT_switch,267,27.3,0,,,,,0,68.0
squareT_platform_squareT_switch,268,27.39,0,,,,,0,96.0
squareT_platform_squareT_switch,269,27.5,0,,,,,0,68.0
squareT_platform_squareT_switch,270,27.6,0,,,,,0,92.0
squareT_platform_squareT_switch,271,27.7,0,,,,,0,90.0
squareT_platform_squareT_switch,272,27.8,0,,,,,0,94.0
squareT_platform_squareT_switch,273,27.89,0,,,,,0,90.0
squareT_platform_squareT_switch,274,28.0,0,,,,,0,94.0
squareT_platform_squareT_switch,275,28.1,0,,,,,0,48.0
squareT_platform_squareT_switch,276,28.19,0,,,,,0,90.0
squareT_platform_squareT_switch,277,28.3,0,,,,,0,90.0
squareT_platform_squareT_switch,278,28.4,0,,,,,0,90.0
squareT_platform_squareT_switch,279,28.5,0,,,,,0,62.0
squareT_platform_squareT_switch,280,28.6,0,,,,,0,106.0
squareT_platform_squareT_switch,281,28.7,0,,,,,0,98.0
squareT_platform_squareT_switch,282,28.8,0,,,,,0,62.0
squareT_platform_squareT_switch,283,28.9,0,,,,,0,96.0
squareT_platform_squareT_switch,284,29.0,0,,,,,0,98.0
squareT_platform_squareT_switch,285,29.09,0,,,,,0,150.0
squareT_platform_squareT_switch,286,29.2,0,,,,,0,98.0
squareT_platform_squareT_switch,287,29.3,0,,,,,0,98.0
squareT_platform_squareT_switch,288,29.4,0,,,,,0,90.0
squareT_platform_squareT_switch,289,29.5,0,,,,,0,90.0
squareT_platform_squareT_switch,290,29.59,0,,,,,0,90.0
squareT_platform_squareT_switch,291,29.7,0,,,,,0,90.0
squareT_platform_squareT_switch,292,29.8,0,,,,,0,98.0
squareT_platform_squareT_switch,293,29.9,0,,,,,0,90.0
squareT_platform_squareT_switch,294,30.0,0,,,,,0,86.0
squareT_platform_squareT_switch,295,30.09,0,,,,,0,86.0
squareT_platform_squareT_switch,296,30.2,0,,,,,0,96.0
squareT_platform_squareT_switch,297,30.3,0,,,,,0,132.0
squareT_platform_squareT_switch,298,30.39,0,,,,,0,100.0
squareT_platform_squareT_switch,299,30.49,0,,,,,0,108.0
squareT_platform_squareT_switch,300,30.6,0,,,,,0,86.0
squareT_platform_squareT_switch,301,30.7,0,,,,,0,62.0
squareT_platform_squareT_switch,302,30.8,0,,,,,0,114.0
squareT_platform_squareT_switch,303,30.9,0,,,,,0,90.0
squareT_platform_squareT_switch,304,30.99,0,,,,,0,98.0
squareT_platform_squareT_switch,305,31.1,0,,,,,0,110.0
squareT_platform_squareT_switch,306,31.2,0,,,,,0,98.0
squareT_platform_squareT_switch,307,31.3,0,,,,,0,90.0
squareT_platform_squareT_switch,308,31.4,0,,,,,0,98.0
squareT_platform_squareT_switch,309,31.5,0,,,,,0,86.0
squareT_platform_squareT_switch,310,31.59,0,,,,,0,58.0
squareT_platform_squareT_switch,311,31.7,0,,,,,0,90.0
squareT_platform_squareT_switch,312,31.8,0,,,,,0,90.0
squareT_platform_squareT_switch,313,31.9,0,,,,,0,92.0
squareT_platform_squareT_switch,314,31.99,0,,,,,0,98.0
squareT_platform_squareT_switch,315,32.1,0,,,,,0,92.0
squareT_platform_squareT_switch,316,32.2,0,,,,,0,106.0
squareT_platform_squareT_switch,317,32.3,0,,,,,0,92.0
squareT_platform_squareT_switch,318,32.4,0,,,,,0,132.0
squareT_platform_squareT_switch,319,32.5,0,,,,,0,58.0
squareT_platform_squareT_switch,320,32.6,0,,,,,0,90.0
squareT_platform_squareT_switch,321,32.7,0,,,,,0,88.0
squareT_platform_squareT_switch,322,32.8,0,,,,,0,90.0
squareT_platform_squareT_switch,323,32.9,0,,,,,0,58.0
squareT_platform_squareT_switch,324,33.0,0,,,,,0,106.0
squareT_platform_squareT_switch,325,33.1,0,,,,,0,82.0
squareT_platform_squareT_switch,326,33.2,0,,,,,0,82.0
squareT_platform_squareT_switch,327,33.3,0,,,,,0,92.0
squareT_platform_squareT_switch,328,33.39,0,,,,,0,112.0
squareT_platform_squareT_switch,329,33.5,0,,,,,0,92.0
squareT_platform_squareT_switch,330,33.6,0,,,,,0,82.0
squareT_platform_squareT_switch,331,33.7,0,,,,,0,92.0
squareT_platform_squareT_switch,332,33.8,0,,,,,0,82.0
squareT_platform_squareT_switch,333,33.9,0,,,,,0,90.0
squareT_platform_squareT_switch,334,34.0,0,,,,,0,82.0
squareT_platform_squareT_switch,335,34.1,0,,,,,0,112.0
squareT_platform_squareT_switch,336,34.2,0,,,,,0,58.0
squareT_platform_squareT_switch,337,34.3,0,,,,,0,82.0
squareT_platform_squareT_switch,338,34.4,0,,,,,0,92.0
squareT_platform_squareT_switch,339,34.5,0,,,,,0,86.0
squareT_platform_squareT_switch,340,34.6,0,,,,,0,94.0
squareT_platform_squareT_switch,341,34.7,0,,,,,0,92.0
squareT_platform_squareT_switch,342,34.8,0,,,,,0,82.0
squareT_platform_squareT_switch,343,34.9,0,,,,,0,82.0
squareT_platform_squareT_switch,344,35.0,0,,,,,0,58.0
squareT_platform_squareT_switch,345,35.12,0,,,,,0,92.0
squareT_platform_squareT_switch,346,35.21,0,,,,,0,134.0
squareT_platform_squareT_switch,347,35.31,0,,,,,0,58.0
squareT_platform_squareT_switch,348,35.42,0,,,,,0,82.0
squareT_platform_squareT_switch,349,35.5,0,,,,,0,108.0
squareT_platform_squareT_switch,350,35.61,0,,,,,0,82.0
squareT_platform_squareT_switch,351,35.71,0,,,,,0,82.0
squareT_platform_squareT_switch,352,35.81,0,,,,,0,112.0
squareT_platform_squareT_switch,353,35.9,0,,,,,0,82.0
squareT_platform_squareT_switch,354,36.0,0,,,,,0,114.0
squareT_platform_squareT_switch,355,36.1,0,,,,,0,92.0
squareT_platform_squareT_switch,356,36.2,0,,,,,0,96.0
squareT_platform_squareT_switch,357,36.3,0,,,,,0,84.0
squareT_platform_squareT_switch,358,36.4,0,,,,,0,82.0
squareT_platform_squareT_switch,359,36.51,0,,,,,0,92.0
squareT_platform_squareT_switch,360,36.61,0,,,,,0,82.0
squareT_platform_squareT_switch,361,36.71,0,,,,,0,58.0
squareT_platform_squareT_switch,362,36.81,0,,,,,0,82.0
squareT_platform_squareT_switch,363,36.89,0,,,,,0,92.0
squareT_platform_squareT_switch,364,37.01,0,,,,,0,92.0
squareT_platform_squareT_switch,365,37.1,0,,,,,0,58.0
squareT_platform_squareT_switch,366,37.2,0,,,,,0,60.0
squareT_platform_squareT_switch,367,37.31,0,,,,,0,84.0
squareT_platform_squareT_switch,368,37.4,0,,,,,0,58.0
squareT_platform_squareT_switch,369,37.51,0,,,,,0,112.0
squareT_platform_squareT_switch,370,37.6,0,,,,,0,92.0
squareT_platform_squareT_switch,371,37.7,0,,,,,0,82.0
squareT_platform_squareT_switch,372,37.81,0,,,,,0,112.0
squareT_platform_squareT_switch,373,37.9,0,,,,,0,82.0
squareT_platform_squareT_switch,374,38.0,0,,,,,0,82.0
squareT_platform_squareT_switch,375,38.1,0,,,,,0,98.0
squareT_platform_squareT_switch,376,38.21,0,,,,,0,58.0
squareT_platform_squareT_switch,377,38.3,0,,,,,0,58.0
squareT_platform_squareT_switch,378,38.42,0,,,,,0,92.0
squareT_platform_squareT_switch,379,38.5,0,,,,,0,82.0
squareT_platform_squareT_switch,380,38.6,0,,,,,0,82.0
squareT_platform_squareT_switch,381,38.7,0,,,,,0,112.0
squareT_platform_squareT_switch,382,38.81,0,,,,,0,92.0
squareT_platform_squareT_switch,383,38.9,0,,,,,0,112.0
squareT_platform_squareT_switch,384,39.01,0,,,,,0,82.0
squareT_platform_squareT_switch,385,39.11,0,,,,,0,134.0
squareT_platform_squareT_switch,386,39.22,0,,,,,0,82.0
squareT_platform_squareT_switch,387,39.3,0,,,,,0,82.0
squareT_platform_squareT_switch,388,39.41,0,,,,,0,82.0
squareT_platform_squareT_switch,389,39.51,0,,,,,0,114.0
squareT_platform_squareT_switch,390,39.6,0,,,,,0,92.0
squareT_platform_squareT_switch,391,39.71,0,,,,,0,92.0
squareT_platform_squareT_switch,392,39.81,0,,,,,0,92.0
squareT_platform_squareT_switch,393,39.9,0,,,,,0,82.0
squareT_platform_squareT_switch,394,40.01,0,,,,,0,84.0
squareT_platform_squareT_switch,395,40.1,0,,,,,0,96.0
squareT_platform_squareT_switch,396,40.21,0,,,,,0,112.0
squareT_platform_squareT_switch,397,40.31,0,,,,,0,82.0
squareT_platform_squareT_switch,398,40.4,0,,,,,0,58.0
squareT_platform_squareT_switch,399,40.5,0,,,,,0,92.0
squareT_platform_squareT_switch,400,40.6,0,,,,,0,82.0
squareT_platform_squareT_switch,401,40.7,0,,,,,0,82.0
squareT_platform_squareT_switch,402,40.81,0,,,,,0,98.0
squareT_platform_squareT_switch,403,40.9,0,,,,,0,112.0
squareT_platform_squareT_switch,404,41.0,0,,,,,0,84.0
squareT_platform_squareT_switch,405,41.11,0,,,,,0,108.0
squareT_platform_squareT_switch,406,41.2,0,,,,,0,88.0
squareT_platform_squareT_switch,407,41.3,0,,,,,0,92.0
squareT_platform_squareT_switch,408,41.41,0,,,,,0,112.0
squareT_platform_squareT_switch,409,41.5,0,,,,,0,96.0
squareT_platform_squareT_switch,410,41.6,0,,,,,0,82.0
squareT_platform_squareT_switch,411,41.7,0,,,,,0,112.0
squareT_platform_squareT_switch,412,41.8,0,,,,,0,92.0
squareT_platform_squareT_switch,413,41.9,0,,,,,0,82.0
squareT_platform_squareT_switch,414,42.0,0,,,,,0,92.0
squareT_platform_squareT_switch,415,42.11,0,,,,,0,58.0
squareT_platform_squareT_switch,416,42.2,0,,,,,0,92.0
squareT_platform_squareT_switch,417,42.31,0,,,,,0,112.0
squareT_platform_squareT_switch,418,42.4,0,,,,,0,84.0
squareT_platform_squareT_switch,419,42.5,0,,,,,0,92.0
squareT_platform_squareT_switch,420,42.6,0,,,,,0,92.0
squareT_platform_squareT_switch,421,42.71,0,,,,,0,108.0
squareT_platform_squareT_switch,422,42.81,0,,,,,0,112.0
squareT_platform_squareT_switch,423,42.91,0,,,,,0,92.0
squareT_platform_squareT_switch,424,43.01,0,,,,,0,60.0
squareT_platform_squareT_switch,425,43.12,0,,,,,0,86.0
squareT_platform_squareT_switch,426,43.21,0,,,,,0,82.0
squareT_platform_squareT_switch,427,43.29,0,,,,,0,112.0
squareT_platform_squareT_switch,428,43.41,0,,,,,0,92.0
squareT_platform_squareT_switch,429,43.5,0,,,,,0,112.0
squareT_platform_squareT_switch,430,43.6,0,,,,,0,92.0
squareT_platform_squareT_switch,431,43.71,0,,,,,0,88.0
squareT_platform_squareT_switch,432,43.8,0,,,,,0,82.0
squareT_platform_squareT_switch,433,43.91,0,,,,,0,82.0
squareT_platform_squareT_switch,434,44.01,0,,,,,0,92.0
squareT_platform_squareT_switch,435,44.11,0,,,,,0,92.0
squareT_platform_squareT_switch,436,44.2,0,,,,,0,112.0
squareT_platform_squareT_switch,437,44.31,0,,,,,0,92.0
squareT_platform_squareT_switch,438,44.42,0,,,,,0,92.0
squareT_platform_squareT_switch,439,44.5,0,,,,,0,92.0
squareT_platform_squareT_switch,440,44.61,0,,,,,0,92.0
squareT_platform_squareT_switch,441,44.7,0,,,,,0,82.0
squareT_platform_squareT_switch,442,44.81,0,,,,,0,82.0
squareT_platform_squareT_switch,443,44.9,0,,,,,0,112.0
squareT_platform_squareT_switch,444,45.01,0,,,,,0,84.0
squareT_platform_squareT_switch,445,45.11,0,,,,,0,84.0
squareT_platform_squareT_switch,446,45.19,0,,,,,0,108.0
squareT_platform_squareT_switch,447,45.3,0,,,,,0,60.0
squareT_platform_squareT_switch,448,45.4,0,,,,,0,92.0
squareT_platform_squareT_switch,449,45.52,0,,,,,0,92.0
squareT_platform_squareT_switch,450,45.6,0,,,,,0,92.0
squareT_platform_squareT_switch,451,45.69,0,,,,,0,92.0
squareT_platform_squareT_switch,452,45.8,0,,,,,0,92.0
squareT_platform_squareT_switch,453,45.89,0,,,,,0,84.0
squareT_platform_squareT_switch,454,46.0,0,,,,,0,112.0
squareT_platform_squareT_switch,455,46.1,0,,,,,0,92.0
squareT_platform_squareT_switch,456,46.21,0,,,,,0,108.0
squareT_platform_squareT_switch,457,46.3,0,,,,,0,92.0
squareT_platform_squareT_switch,458,46.41,0,,,,,0,82.0
squareT_platform_squareT_switch,459,46.51,0,,,,,0,92.0
squareT_platform_squareT_switch,460,46.64,0,,,,,0,58.0
squareT_platform_squareT_switch,461,46.71,0,,,,,0,58.0
squareT_platform_squareT_switch,462,46.8,0,,,,,0,112.0
squareT_platform_squareT_switch,463,46.9,0,,,,,0,82.0
squareT_platform_squareT_switch,464,47.01,0,,,,,0,60.0
squareT_platform_squareT_switch,465,47.1,0,,,,,0,92.0
squareT_platform_squareT_switch,466,47.2,0,,,,,0,82.0
squareT_platform_squareT_switch,467,47.31,0,,,,,0,112.0
squareT_platform_squareT_switch,468,47.43,0,,,,,0,92.0
squareT_platform_squareT_switch,469,47.51,0,,,,,0,92.0
squareT_platform_squareT_switch,470,47.61,0,,,,,0,96.0
squareT_platform_squareT_switch,471,47.7,0,,,,,0,92.0
squareT_platform_squareT_switch,472,47.8,0,,,,,0,92.0
squareT_platform_squareT_switch,473,47.91,0,,,,,0,96.0
squareT_platform_squareT_switch,474,48.0,0,,,,,0,88.0
squareT_platform_squareT_switch,475,48.1,0,,,,,0,58.0
squareT_platform_squareT_switch,476,48.2,0,,,,,0,58.0
squareT_platform_squareT_switch,477,48.32,0,,,,,0,112.0
squareT_platform_squareT_switch,478,48.41,0,,,,,0,86.0
squareT_platform_squareT_switch,479,48.52,0,,,,,0,58.0
squareT_platform_squareT_switch,480,48.61,0,,,,,0,82.0
squareT_platform_squareT_switch,481,48.71,0,,,,,0,92.0
squareT_platform_squareT_switch,482,48.81,0,,,,,0,92.0
squareT_platform_squareT_switch,483,48.9,0,,,,,0,82.0
squareT_platform_squareT_switch,484,49.01,0,,,,,0,86.0
squareT_platform_squareT_switch,485,49.11,0,,,,,0,92.0
squareT_platform_squareT_switch,486,49.21,0,,,,,0,92.0
squareT_platform_squareT_switch,487,49.31,0,,,,,0,82.0
squareT_platform_squareT_switch,488,49.42,0,,,,,0,82.0
squareT_platform_squareT_switch,489,49.51,0,,,,,0,84.0
squareT_platform_squareT_switch,490,49.6,0,,,,,0,82.0
squareT_platform_squareT_switch,491,49.71,0,,,,,0,92.0
squareT_platform_squareT_switch,492,49.8,0,,,,,0,92.0
squareT_platform_squareT_switch,493,49.91,0,,,,,0,58.0
squareT_platform_squareT_switch,494,50.01,0,,,,,0,58.0
squareT_platform_squareT_switch,495,50.11,0,,,,,0,92.0
squareT_platform_squareT_switch,496,50.21,0,,,,,0,96.0
squareT_platform_squareT_switch,497,50.3,0,,,,,0,112.0
squareT_platform_squareT_switch,498,50.4,0,,,,,0,92.0
squareT_platform_squareT_switch,499,50.51,0,,,,,0,82.0
squareT_platform_squareT_switch,500,50.6,0,,,,,0,92.0
squareT_platform_squareT_switch,501,50.71,0,,,,,0,92.0
squareT_platform_squareT_switch,502,50.8,0,,,,,0,92.0
squareT_platform_squareT_switch,503,50.91,0,,,,,0,96.0
squareT_platform_squareT_switch,504,51.0,0,,,,,0,92.0
squareT_platform_squareT_switch,505,51.11,0,,,,,0,90.0
squareT_platform_squareT_switch,506,51.22,0,,,,,0,92.0
squareT_platform_squareT_switch,507,51.32,0,,,,,0,92.0
squareT_platform_squareT_switch,508,51.41,0,,,,,0,82.0
squareT_platform_squareT_switch,509,51.5,0,,,,,0,92.0
squareT_platform_squareT_switch,510,51.63,0,,,,,0,60.0
squareT_platform_squareT_switch,511,51.71,0,,,,,0,82.0
squareT_platform_squareT_switch,512,51.81,0,,,,,0,106.0
squareT_platform_squareT_switch,513,51.91,0,,,,,0,92.0
squareT_platform_squareT_switch,514,52.01,0,,,,,0,82.0
squareT_platform_squareT_switch,515,52.11,0,,,,,0,82.0
squareT_platform_squareT_switch,516,52.2,0,,,,,0,92.0
squareT_platform_squareT_switch,517,52.32,0,,,,,0,92.0
squareT_platform_squareT_switch,518,52.42,0,,,,,0,82.0
squareT_platform_squareT_switch,519,52.5,0,,,,,0,60.0
squareT_platform_squareT_switch,520,52.61,0,,,,,0,60.0
squareT_platform_squareT_switch,521,52.71,0,,,,,0,92.0
squareT_platform_squareT_switch,522,52.8,0,,,,,0,82.0
squareT_platform_squareT_switch,523,52.91,0,,,,,0,92.0
squareT_platform_squareT_switch,524,53.01,0,,,,,0,96.0
squareT_platform_squareT_switch,525,53.1,0,,,,,0,88.0
squareT_platform_squareT_switch,526,53.21,0,,,,,0,88.0
squareT_platform_squareT_switch,527,53.31,0,,,,,0,86.0
squareT_platform_squareT_switch,528,53.43,0,,,,,0,92.0
squareT_platform_squareT_switch,529,53.51,0,,,,,0,84.0
squareT_platform_squareT_switch,530,53.6,0,,,,,0,92.0
squareT_platform_squareT_switch,531,53.7,0,,,,,0,58.0
squareT_platform_squareT_switch,532,53.8,0,,,,,0,92.0
squareT_platform_squareT_switch,533,53.92,0,,,,,0,82.0
squareT_platform_squareT_switch,534,54.01,0,,,,,0,92.0
squareT_platform_squareT_switch,535,54.11,0,,,,,0,82.0
squareT_platform_squareT_switch,536,54.2,0,,,,,0,106.0
squareT_platform_squareT_switch,537,54.32,0,,,,,0,60.0
squareT_platform_squareT_switch,538,54.41,0,,,,,0,92.0
squareT_platform_squareT_switch,539,54.53,0,,,,,0,82.0
squareT_platform_squareT_switch,540,54.61,0,,,,,0,92.0
squareT_platform_squareT_switch,541,54.71,0,,,,,0,88.0
squareT_platform_squareT_switch,542,54.81,0,,,,,0,82.0
squareT_platform_squareT_switch,543,54.9,0,,,,,0,92.0
squareT_platform_squareT_switch,544,55.0,0,,,,,0,60.0
squareT_platform_squareT_switch,545,55.1,0,,,,,0,60.0
squareT_platform_squareT_switch,546,55.22,0,,,,,0,112.0
squareT_platform_squareT_switch,547,55.3,0,,,,,0,92.0
squareT_platform_squareT_switch,548,55.41,0,,,,,0,82.0
squareT_platform_squareT_switch,549,55.51,0,,,,,0,112.0
squareT_platform_squareT_switch,550,55.61,0,,,,,0,82.0
squareT_platform_squareT_switch,551,55.71,0,,,,,0,98.0
squareT_platform_squareT_switch,552,55.8,0,,,,,0,60.0
squareT_platform_squareT_switch,553,55.9,0,,,,,0,134.0
squareT_platform_squareT_switch,554,56.0,0,,,,,0,92.0
squareT_platform_squareT_switch,555,56.1,0,,,,,0,92.0
squareT_platform_squareT_switch,556,56.2,0,,,,,0,92.0
squareT_platform_squareT_switch,557,56.31,0,,,,,0,58.0
squareT_platform_squareT_switch,558,56.42,0,,,,,0,92.0
squareT_platform_squareT_switch,559,56.53,0,,,,,0,92.0
squareT_platform_squareT_switch,560,56.62,0,,,,,0,92.0
squareT_platform_squareT_switch,561,56.71,0,,,,,0,82.0
squareT_platform_squareT_switch,562,56.81,0,,,,,0,112.0
squareT_platform_squareT_switch,563,56.91,0,,,,,0,92.0
squareT_platform_squareT_switch,564,57.01,0,,,,,0,92.0
squareT_platform_squareT_switch,565,57.1,0,,,,,0,88.0
squareT_platform_squareT_switch,566,57.21,0,,,,,0,92.0
squareT_platform_squareT_switch,567,57.3,0,,,,,0,82.0
squareT_platform_squareT_switch,568,57.42,0,,,,,0,100.0
squareT_platform_squareT_switch,569,57.51,0,,,,,0,112.0
squareT_platform_squareT_switch,570,57.6,0,,,,,0,92.0
squareT_platform_squareT_switch,571,57.72,0,,,,,0,82.0
squareT_platform_squareT_switch,572,57.81,0,,,,,0,92.0
squareT_platform_squareT_switch,573,57.92,0,,,,,0,92.0
squareT_platform_squareT_switch,574,58.0,0,,,,,0,82.0
squareT_platform_squareT_switch,575,58.1,0,,,,,0,88.0
squareT_platform_squareT_switch,576,58.19,0,,,,,0,92.0
squareT_platform_squareT_switch,577,58.31,0,,,,,0,84.0
squareT_platform_squareT_switch,578,58.4,0,,,,,0,112.0
squareT_platform_squareT_switch,579,58.52,0,,,,,0,96.0
squareT_platform_squareT_switch,580,58.61,0,,,,,0,92.0
squareT_platform_squareT_switch,581,58.7,0,,,,,0,92.0
squareT_platform_squareT_switch,582,58.81,0,,,,,0,82.0
squareT_platform_squareT_switch,583,58.91,0,,,,,0,92.0
squareT_platform_squareT_switch,584,59.02,0,,,,,0,96.0
squareT_platform_squareT_switch,585,59.13,0,,,,,0,82.0
squareT_platform_squareT_switch,586,59.21,0,,,,,0,88.0
squareT_platform_squareT_switch,587,59.3,0,,,,,0,58.0
squareT_platform_squareT_switch,588,59.41,0,,,,,0,92.0
squareT_platform_squareT_switch,589,59.52,0,,,,,0,112.0
squareT_platform_squareT_switch,590,59.6,0,,,,,0,86.0
squareT_platform_squareT_switch,591,59.71,0,,,,,0,106.0
squareT_platform_squareT_switch,592,59.8,0,,,,,0,84.0
squareT_platform_squareT_switch,593,59.9,0,,,,,0,92.0
squareT_platform_squareT_switch,594,60.01,0,,,,,0,86.0
squareT_platform_squareT_switch,595,60.1,0,,,,,0,112.0
squareT_platform_squareT_switch,596,60.2,0,,,,,0,92.0
squareT_platform_squareT_switch,597,60.3,0,,,,,0,82.0
squareT_platform_squareT_switch,598,60.4,0,,,,,0,82.0
squareT_platform_squareT_switch,599,60.5,0,,,,,0,92.0
squareT_platform_squareT_switch,600,60.6,0,,,,,0,88.0
squareT_platform_squareT_switch,601,60.7,0,,,,,0,60.0
squareT_platform_squareT_switch,602,60.8,0,,,,,0,82.0
squareT_platform_squareT_switch,603,60.9,0,,,,,0,88.0
squareT_platform_squareT_switch,604,61.0,0,,,,,0,82.0
squareT_platform_squareT_switch,605,61.11,0,,,,,0,60.0
squareT_platform_squareT_switch,606,61.2,0,,,,,0,112.0
squareT_platform_squareT_switch,607,61.3,0,,,,,0,96.0
squareT_platform_squareT_switch,608,61.4,0,,,,,0,82.0
squareT_platform_squareT_switch,609,61.5,0,,,,,0,82.0
squareT_platform_squareT_switch,610,61.6,0,,,,,0,92.0
squareT_platform_squareT_switch,611,61.7,0,,,,,0,112.0
squareT_platform_squareT_switch,612,61.8,0,,,,,0,82.0
squareT_platform_squareT_switch,613,61.89,0,,,,,0,82.0
squareT_platform_squareT_switch,614,62.0,0,,,,,0,92.0
squareT_platform_squareT_switch,615,62.1,0,,,,,0,92.0
squareT_platform_squareT_switch,616,62.21,0,,,,,0,82.0
squareT_platform_squareT_switch,617,62.3,0,,,,,0,82.0
squareT_platform_squareT_switch,618,62.4,0,,,,,0,92.0
squareT_platform_squareT_switch,619,62.5,0,,,,,0,86.0
squareT_platform_squareT_switch,620,62.61,0,,,,,0,82.0
squareT_platform_squareT_switch,621,62.71,0,,,,,0,92.0
squareT_platform_squareT_switch,622,62.82,0,,,,,0,112.0
squareT_platform_squareT_switch,623,62.92,0,,,,,0,82.0
squareT_platform_squareT_switch,624,63.0,0,,,,,0,92.0
squareT_platform_squareT_switch,625,63.1,0,,,,,0,92.0
squareT_platform_squareT_switch,626,63.2,0,,,,,0,60.0
squareT_platform_squareT_switch,627,63.3,0,,,,,0,96.0
squareT_platform_squareT_switch,628,63.4,0,,,,,0,82.0
squareT_platform_squareT_switch,629,63.51,0,,,,,0,98.0
squareT_platform_squareT_switch,630,63.61,0,,,,,0,58.0
squareT_platform_squareT_switch,631,63.71,0,,,,,0,92.0
squareT_platform_squareT_switch,632,63.81,0,,,,,0,96.0
squareT_platform_squareT_switch,633,63.91,0,,,,,0,60.0
squareT_platform_squareT_switch,634,64.0,0,,,,,0,82.0
squareT_platform_squareT_switch,635,64.11,0,,,,,0,92.0
squareT_platform_squareT_switch,636,64.2,0,,,,,0,96.0
squareT_platform_squareT_switch,637,64.31,0,,,,,0,92.0
squareT_platform_squareT_switch,638,64.42,0,,,,,0,112.0
squareT_platform_squareT_switch,639,64.5,0,,,,,0,92.0
squareT_platform_squareT_switch,640,64.6,0,,,,,0,92.0
squareT_platform_squareT_switch,641,64.71,0,,,,,0,60.0
squareT_platform_squareT_switch,642,64.8,0,,,,,0,112.0
squareT_platform_squareT_switch,643,64.91,0,,,,,0,88.0
squareT_platform_squareT_switch,644,65.01,0,,,,,0,92.0
squareT_platform_squareT_switch,645,65.1,0,,,,,0,82.0
squareT_platform_squareT_switch,646,65.2,0,,,,,0,92.0
squareT_platform_squareT_switch,647,65.31,0,,,,,0,112.0
squareT_platform_squareT_switch,648,65.41,0,,,,,0,82.0
squareT_platform_squareT_switch,649,65.51,0,,,,,0,92.0
squareT_platform_squareT_switch,650,65.6,0,,,,,0,82.0
squareT_platform_squareT_switch,651,65.73,0,,,,,0,106.0
squareT_platform_squareT_switch,652,65.81,0,,,,,0,112.0
squareT_platform_squareT_switch,653,65.9,0,,,,,0,60.0
squareT_platform_squareT_switch,654,66.02,0,,,,,0,92.0
squareT_platform_squareT_switch,655,66.12,0,,,,,0,112.0
squareT_platform_squareT_switch,656,66.21,0,,,,,0,92.0
squareT_platform_squareT_switch,657,66.31,0,,,,,0,82.0
squareT_platform_squareT_switch,658,66.41,0,,,,,0,112.0
squareT_platform_squareT_switch,659,66.51,0,,,,,0,92.0
squareT_platform_squareT_switch,660,66.6,0,,,,,0,90.0
squareT_platform_squareT_switch,661,66.7,0,,,,,0,60.0
squareT_platform_squareT_switch,662,66.8,0,,,,,0,100.0
squareT_platform_squareT_switch,663,66.9,0,,,,,0,92.0
squareT_platform_squareT_switch,664,67.0,0,,,,,0,100.0
squareT_platform_squareT_switch,665,67.12,0,,,,,0,134.0
squareT_platform_squareT_switch,666,67.22,0,,,,,0,140.0
squareT_platform_squareT_switch,667,67.31,0,,,,,0,92.0
squareT_platform_squareT_switch,668,67.41,0,,,,,0,88.0
squareT_platform_squareT_switch,669,67.53,0,,,,,0,60.0
squareT_platform_squareT_switch,670,67.61,0,,,,,0,112.0
squareT_platform_squareT_switch,671,67.73,0,,,,,0,60.0
squareT_platform_squareT_switch,672,67.8,0,,,,,0,92.0
squareT_platform_squareT_switch,673,67.9,0,,,,,0,116.0
squareT_platform_squareT_switch,674,68.01,0,,,,,0,112.0
squareT_platform_squareT_switch,675,68.11,0,,,,,0,112.0
squareT_platform_squareT_switch,676,68.2,0,,,,,0,112.0
squareT_platform_squareT_switch,677,68.3,0,,,,,0,92.0
squareT_platform_squareT_switch,678,68.4,0,,,,,0,90.0
squareT_platform_squareT_switch,679,68.5,0,,,,,0,112.0
squareT_platform_squareT_switch,680,68.6,0,,,,,0,108.0
squareT_platform_squareT_switch,681,68.71,0,,,,,0,92.0
squareT_platform_squareT_switch,682,68.8,0,,,,,0,90.0
squareT_platform_squareT_switch,683,68.91,0,,,,,0,114.0
squareT_platform_squareT_switch,684,68.99,0,,,,,0,58.0
squareT_platform_squareT_switch,685,69.1,0,,,,,0,110.0
squareT_platform_squareT_switch,686,69.21,0,,,,,0,92.0
squareT_platform_squareT_switch,687,69.31,0,,,,,0,90.0
squareT_platform_squareT_switch,688,69.41,0,,,,,0,110.0
squareT_platform_squareT_switch,689,69.52,0,,,,,0,106.0
squareT_platform_squareT_switch,690,69.6,0,,,,,0,114.0
squareT_platform_squareT_switch,691,69.7,0,,,,,0,90.0
squareT_platform_squareT_switch,692,69.81,0,,,,,0,122.0
squareT_platform_squareT_switch,693,69.9,0,,,,,0,90.0
squareT_platform_squareT_switch,694,70.0,0,,,,,0,80.0
squareT_platform_squareT_switch,695,70.1,0,,,,,0,110.0
squareT_platform_squareT_switch,696,70.2,0,,,,,0,110.0
squareT_platform_squareT_switch,697,70.33,0,,,,,0,106.0
squareT_platform_squareT_switch,698,70.4,0,,,,,0,110.0
squareT_platform_squareT_switch,699,70.52,0,,,,,0,110.0
squareT_platform_squareT_switch,700,70.61,0,,,,,0,106.0
squareT_platform_squareT_switch,701,70.71,0,,,,,0,84.0
squareT_platform_squareT_switch,702,70.81,0,,,,,0,44.0
squareT_platform_squareT_switch,703,70.91,0,,,,,0,80.0
squareT_platform_squareT_switch,704,71.02,0,,,,,0,60.0
squareT_platform_squareT_switch,705,71.11,0,,,,,0,80.0
squareT_platform_squareT_switch,706,71.21,0,,,,,0,80.0
squareT_platform_squareT_switch,707,71.3,0,,,,,0,104.0
squareT_platform_squareT_switch,708,71.4,0,,,,,0,104.0
squareT_platform_squareT_switch,709,71.51,0,,,,,0,104.0
squareT_platform_squareT_switch,710,71.62,0,,,,,0,104.0
squareT_platform_squareT_switch,711,71.71,0,,,,,0,104.0
squareT_platform_squareT_switch,712,71.8,0,,,,,0,108.0
squareT_platform_squareT_switch,713,71.9,0,,,,,0,128.0
squareT_platform_squareT_switch,714,72.01,0,,,,,0,128.0
squareT_platform_squareT_switch,715,72.11,0,,,,,0,128.0
squareT_platform_squareT_switch,716,72.23,0,,,,,0,144.0
squareT_platform_squareT_switch,717,72.31,0,,,,,0,128.0
squareT_platform_squareT_switch,718,72.42,0,,,,,0,108.0
squareT_platform_squareT_switch,719,72.5,0,,,,,0,100.0
squareT_platform_squareT_switch,720,72.62,0,,,,,0,106.0
squareT_platform_squareT_switch,721,72.71,0,,,,,0,108.0
squareT_platform_squareT_switch,722,72.8,0,,,,,0,106.0
squareT_platform_squareT_switch,723,72.91,0,,,,,0,104.0
squareT_platform_squareT_switch,724,73.01,0,,,,,0,106.0
squareT_platform_squareT_switch,725,73.1,0,,,,,0,82.0
squareT_platform_squareT_switch,726,73.2,0,,,,,0,78.0
squareT_platform_squareT_switch,727,73.31,0,,,,,0,78.0
squareT_platform_squareT_switch,728,73.42,0,,,,,0,82.0
squareT_platform_squareT_switch,729,73.5,0,,,,,0,82.0
squareT_platform_squareT_switch,730,73.62,0,,,,,0,82.0
squareT_platform_squareT_switch,731,73.71,0,,,,,0,82.0
squareT_platform_squareT_switch,732,73.82,0,,,,,0,102.0
squareT_platform_squareT_switch,733,73.9,0,,,,,0,102.0
squareT_platform_squareT_switch,734,74.02,0,,,,,0,100.0
squareT_platform_squareT_switch,735,74.11,0,,,,,0,36.0
squareT_platform_squareT_switch,736,74.2,0,,,,,0,108.0
squareT_platform_squareT_switch,737,74.32,0,,,,,0,98.0
squareT_platform_squareT_switch,738,74.4,0,,,,,0,100.0
squareT_platform_squareT_switch,739,74.5,0,,,,,0,104.0
squareT_platform_squareT_switch,740,74.6,0,,,,,0,78.0
squareT_platform_squareT_switch,741,74.7,0,,,,,0,48.0
squareT_platform_squareT_switch,742,74.81,0,,,,,0,104.0
squareT_platform_squareT_switch,743,74.91,0,,,,,0,38.0
squareT_platform_squareT_switch,744,75.0,0,,,,,0,102.0
squareT_platform_squareT_switch,745,75.11,0,,,,,0,46.0
squareT_platform_squareT_switch,746,75.2,0,,,,,0,98.0
squareT_platform_squareT_switch,747,75.31,0,,,,,0,92.0
squareT_platform_squareT_switch,748,75.43,0,,,,,0,118.0
squareT_platform_squareT_switch,749,75.5,0,,,,,0,116.0
squareT_platform_squareT_switch,750,75.6,0,,,,,0,116.0
squareT_platform_squareT_switch,751,75.71,0,,,,,0,38.0
squareT_platform_squareT_switch,752,75.8,0,,,,,0,38.0
squareT_platform_squareT_switch,753,75.91,0,,,,,0,92.0
squareT_platform_squareT_switch,754,76.01,0,,,,,0,98.0
squareT_platform_squareT_switch,755,76.1,0,,,,,0,116.0
squareT_platform_squareT_switch,756,76.21,0,,,,,0,148.0
squareT_platform_squareT_switch,757,76.3,0,,,,,0,72.0
squareT_platform_squareT_switch,758,76.41,0,,,,,0,70.0
squareT_platform_squareT_switch,759,76.51,0,,,,,0,40.0
squareT_platform_squareT_switch,760,76.6,0,,,,,0,68.0
squareT_platform_squareT_switch,761,76.71,0,,,,,0,36.0
squareT_platform_squareT_switch,762,76.8,0,,,,,0,36.0
squareT_platform_squareT_switch,763,76.91,0,,,,,0,36.0
squareT_platform_squareT_switch,764,77.0,0,,,,,0,38.0
squareT_platform_squareT_switch,765,77.1,0,,,,,0,38.0
squareT_platform_squareT_switch,766,77.2,0,,,,,0,38.0
squareT_platform_squareT_switch,767,77.31,0,,,,,0,92.0
squareT_platform_squareT_switch,768,77.4,0,,,,,0,46.0
squareT_platform_squareT_switch,769,77.51,0,,,,,0,40.0
squareT_platform_squareT_switch,770,77.6,0,,,,,0,38.0
squareT_platform_squareT_switch,771,77.71,0,,,,,0,106.0
squareT_platform_squareT_switch,772,77.81,0,,,,,0,62.0
squareT_platform_squareT_switch,773,77.9,0,,,,,0,64.0
squareT_platform_squareT_switch,774,78.02,0,,,,,0,30.0
squareT_platform_squareT_switch,775,78.11,0,,,,,0,60.0
squareT_platform_squareT_switch,776,78.2,0,,,,,0,62.0
squareT_platform_squareT_switch,777,78.3,0,,,,,0,36.0
squareT_platform_squareT_switch,778,78.4,0,,,,,0,54.0
squareT_platform_squareT_switch,779,78.51,0,,,,,0,28.0
squareT_platform_squareT_switch,780,78.6,1,62.1,0.45,1.52,6,1,60.0
squareT_platform_squareT_switch,781,78.7,1,38.7,-0.02,1.21,42,3,70.0
squareT_platform_squareT_switch,782,78.8,0,,,,,0,100.0
squareT_platform_squareT_switch,783,78.9,0,,,,,0,56.0
squareT_platform_squareT_switch,784,79.01,0,,,,,0,58.0
squareT_platform_squareT_switch,785,79.1,0,,,,,0,56.0
squareT_platform_squareT_switch,786,79.2,0,,,,,0,56.0
squareT_platform_squareT_switch,787,79.31,0,,,,,0,54.0
squareT_platform_squareT_switch,788,79.4,0,,,,,0,54.0
squareT_platform_squareT_switch,789,79.5,0,,,,,0,52.0
squareT_platform_squareT_switch,790,79.6,0,,,,,0,94.0
squareT_platform_squareT_switch,791,79.71,0,,,,,0,96.0
squareT_platform_squareT_switch,792,79.8,0,,,,,0,100.0
squareT_platform_squareT_switch,793,79.9,0,,,,,0,52.0
squareT_platform_squareT_switch,794,80.01,0,,,,,0,112.0
squareT_platform_squareT_switch,795,80.1,0,,,,,0,48.0
squareT_platform_squareT_switch,796,80.2,0,,,,,0,18.0
squareT_platform_squareT_switch,797,80.3,0,,,,,0,90.0
squareT_platform_squareT_switch,798,80.4,0,,,,,0,46.0
squareT_platform_squareT_switch,799,80.5,0,,,,,0,46.0
squareT_platform_squareT_switch,800,80.6,0,,,,,0,46.0
squareT_platform_squareT_switch,801,80.72,0,,,,,0,44.0
squareT_platform_squareT_switch,802,80.81,0,,,,,0,106.0
squareT_platform_squareT_switch,803,80.91,0,,,,,0,10.0
squareT_platform_squareT_switch,804,81.0,0,,,,,0,10.0
squareT_platform_squareT_switch,805,81.1,0,,,,,0,84.0
squareT_platform_squareT_switch,806,81.21,0,,,,,0,40.0
squareT_platform_squareT_switch,807,81.31,0,,,,,0,40.0
squareT_platform_squareT_switch,808,81.42,0,,,,,0,82.0
squareT_platform_squareT_switch,809,81.51,0,,,,,0,40.0
squareT_platform_squareT_switch,810,81.6,0,,,,,0,112.0
squareT_platform_squareT_switch,811,81.71,0,,,,,0,100.0
squareT_platform_squareT_switch,812,81.82,0,,,,,0,108.0
squareT_platform_squareT_switch,813,81.9,0,,,,,0,78.0
squareT_platform_squareT_switch,814,82.0,0,,,,,0,110.0
squareT_platform_squareT_switch,815,82.11,0,,,,,0,88.0
squareT_platform_squareT_switch,816,82.2,0,,,,,0,96.0
squareT_platform_squareT_switch,817,82.3,0,,,,,0,122.0
squareT_platform_squareT_switch,818,82.4,0,,,,,0,84.0
squareT_platform_squareT_switch,819,82.5,0,,,,,0,122.0
squareT_platform_squareT_switch,820,82.61,0,,,,,0,84.0
squareT_platform_squareT_switch,821,82.7,0,,,,,0,134.0
squareT_platform_squareT_switch,822,82.8,0,,,,,0,100.0
squareT_platform_squareT_switch,823,82.9,0,,,,,0,130.0
squareT_platform_squareT_switch,824,83.03,0,,,,,0,116.0
squareT_platform_squareT_switch,825,83.1,0,,,,,0,88.0
squareT_platform_squareT_switch,826,83.2,0,,,,,0,88.0
squareT_platform_squareT_switch,827,83.31,0,,,,,0,102.0
squareT_platform_squareT_switch,828,83.4,0,,,,,0,120.0
squareT_platform_squareT_switch,829,83.5,0,,,,,0,102.0
squareT_platform_squareT_switch,830,83.6,0,,,,,0,128.0
squareT_platform_squareT_switch,831,83.7,0,,,,,0,128.0
squareT_platform_squareT_switch,832,83.82,0,,,,,0,114.0
squareT_platform_squareT_switch,833,83.92,0,,,,,0,88.0
squareT_platform_squareT_switch,834,84.01,0,,,,,0,78.0
squareT_platform_squareT_switch,835,84.11,0,,,,,0,104.0
squareT_platform_squareT_switch,836,84.21,0,,,,,0,122.0
squareT_platform_squareT_switch,837,84.33,0,,,,,0,122.0
squareT_platform_squareT_switch,838,84.4,0,,,,,0,102.0
squareT_platform_squareT_switch,839,84.5,0,,,,,0,106.0
squareT_platform_squareT_switch,840,84.6,0,,,,,0,100.0
squareT_platform_squareT_switch,841,84.7,0,,,,,0,116.0
squareT_platform_squareT_switch,842,84.8,0,,,,,0,116.0
squareT_platform_squareT_switch,843,84.92,0,,,,,0,116.0
squareT_platform_squareT_switch,844,85.02,0,,,,,0,110.0
squareT_platform_squareT_switch,845,85.11,0,,,,,0,116.0
squareT_platform_squareT_switch,846,85.22,0,,,,,0,116.0
squareT_platform_squareT_switch,847,85.31,0,,,,,0,108.0
squareT_platform_squareT_switch,848,85.43,0,,,,,0,102.0
squareT_platform_squareT_switch,849,85.5,0,,,,,0,110.0
squareT_platform_squareT_switch,850,85.6,0,,,,,0,104.0
squareT_platform_squareT_switch,851,85.71,0,,,,,0,118.0
squareT_platform_squareT_switch,852,85.81,0,,,,,0,108.0
squareT_platform_squareT_switch,853,85.9,0,,,,,0,136.0
squareT_platform_squareT_switch,854,86.0,0,,,,,0,108.0
squareT_platform_squareT_switch,855,86.12,0,,,,,0,108.0
squareT_platform_squareT_switch,856,86.21,0,,,,,0,104.0
squareT_platform_squareT_switch,857,86.31,0,,,,,0,98.0
squareT_platform_squareT_switch,858,86.41,0,,,,,0,130.0
squareT_platform_squareT_switch,859,86.52,0,,,,,0,142.0
squareT_platform_squareT_switch,860,86.6,1,127.0,-0.24,1.92,6,2,128.0
squareT_platform_squareT_switch,861,86.71,0,,,,,0,96.0
squareT_platform_squareT_switch,862,86.81,0,,,,,0,96.0
squareT_platform_squareT_switch,863,86.9,1,134.1,-0.43,1.93,3,1,126.0
squareT_platform_squareT_switch,864,87.01,0,,,,,0,136.0
squareT_platform_squareT_switch,865,87.11,0,,,,,0,92.0
squareT_platform_squareT_switch,866,87.2,0,,,,,0,92.0
squareT_platform_squareT_switch,867,87.3,0,,,,,0,140.0
squareT_platform_squareT_switch,868,87.4,0,,,,,0,136.0
squareT_platform_squareT_switch,869,87.5,0,,,,,0,144.0
squareT_platform_squareT_switch,870,87.61,0,,,,,0,126.0
squareT_platform_squareT_switch,871,87.71,0,,,,,0,84.0
squareT_platform_squareT_switch,872,87.8,0,,,,,0,84.0
squareT_platform_squareT_switch,873,87.9,0,,,,,0,124.0
squareT_platform_squareT_switch,874,88.03,0,,,,,0,128.0
squareT_platform_squareT_switch,875,88.1,0,,,,,0,124.0
squareT_platform_squareT_switch,876,88.21,0,,,,,0,106.0
